site,wildtype,mutation,condition,mut_score,site_mean score,site_median score,protein_chain,protein_site,label_site
101,Y,N,SGE,-0.674152759,-0.529869318,-0.529869318,A,101,101
101,Y,D,SGE,-0.385585877,-0.529869318,-0.529869318,A,101,101
98,G,C,SGE,-0.7931662420000001,-0.5313802812380952,-0.389790135,A,98,98
98,G,D,SGE,-0.39034091600000004,-0.5313802812380952,-0.389790135,A,98,98
98,G,G,SGE,-0.15728899266666665,-0.5313802812380952,-0.389790135,A,98,98
98,G,R,SGE,-0.37847148700000005,-0.5313802812380952,-0.389790135,A,98,98
98,G,S,SGE,-0.28133510100000003,-0.5313802812380952,-0.389790135,A,98,98
98,G,V,SGE,-1.329269095,-0.5313802812380952,-0.389790135,A,98,98
99,L,L,SGE,-0.222150725,-0.2495470955,-0.2495470955,A,99,99
99,L,V,SGE,-0.276943466,-0.2495470955,-0.2495470955,A,99,99
100,E,*,SGE,-1.950960324,-0.8919844229999999,-0.36935187,A,100,100
100,E,D,SGE,-0.36935187,-0.8919844229999999,-0.36935187,A,100,100
100,E,E,SGE,-0.355641075,-0.8919844229999999,-0.36935187,A,100,100
98,G,A,SGE,-0.389790135,-0.5313802812380952,-0.389790135,A,98,98
97,T,T,SGE,-0.12756873766666668,-1.0069625993809523,-1.023823585,A,97,97
93,F,F,SGE,-0.066304949,-0.6562142494285714,-0.675617637,A,93,93
92,A,V,SGE,-1.845833276,-1.6068348167142859,-1.845833276,A,92,92
93,F,C,SGE,-1.152479942,-0.6562142494285714,-0.675617637,A,93,93
93,F,I,SGE,-0.675617637,-0.6562142494285714,-0.675617637,A,93,93
92,A,S,SGE,-0.580671009,-1.6068348167142859,-1.845833276,A,92,92
93,F,L,SGE,-1.805815219,-0.6562142494285714,-0.675617637,A,93,93
93,F,S,SGE,-1.4207582730000001,-0.6562142494285714,-0.675617637,A,93,93
93,F,V,SGE,0.13737849800000002,-0.6562142494285714,-0.675617637,A,93,93
93,F,Y,SGE,0.390097776,-0.6562142494285714,-0.675617637,A,93,93
94,Q,*,SGE,-2.691567006,-0.8651358569375001,-0.42585479225,A,94,94
92,A,T,SGE,-2.262486719,-1.6068348167142859,-1.845833276,A,92,92
92,A,P,SGE,-3.043660468,-1.6068348167142859,-1.845833276,A,92,92
94,Q,H,SGE,-0.34367519950000003,-0.8651358569375001,-0.42585479225,A,94,94
91,C,S,SGE,-0.433143624,-0.615488856375,-0.5204190445,A,91,91
91,C,*,SGE,-1.781887252,-0.615488856375,-0.5204190445,A,91,91
91,C,C,SGE,-0.607694465,-0.615488856375,-0.5204190445,A,91,91
91,C,F,SGE,-0.24329168399999998,-0.615488856375,-0.5204190445,A,91,91
91,C,G,SGE,-0.716466545,-0.615488856375,-0.5204190445,A,91,91
91,C,R,SGE,-0.33007169399999997,-0.615488856375,-0.5204190445,A,91,91
91,C,W,SGE,-0.847753322,-0.615488856375,-0.5204190445,A,91,91
92,A,G,SGE,-1.296073339,-1.6068348167142859,-1.845833276,A,92,92
91,C,Y,SGE,0.036397735,-0.615488856375,-0.5204190445,A,91,91
92,A,A,SGE,-0.13736470599999998,-1.6068348167142859,-1.845833276,A,92,92
92,A,D,SGE,-2.0817542,-1.6068348167142859,-1.845833276,A,92,92
94,Q,E,SGE,-0.11430514,-0.8651358569375001,-0.42585479225,A,94,94
94,Q,K,SGE,-0.195956095,-0.8651358569375001,-0.42585479225,A,94,94
97,T,S,SGE,-0.334099777,-1.0069625993809523,-1.023823585,A,97,97
96,D,E,SGE,-3.6554644444999997,-2.8236636233125,-3.036220738,A,96,96
96,D,G,SGE,-3.0024321169999997,-2.8236636233125,-3.036220738,A,96,96
96,D,H,SGE,-2.5622564569999997,-2.8236636233125,-3.036220738,A,96,96
96,D,N,SGE,-3.7011623769999997,-2.8236636233125,-3.036220738,A,96,96
96,D,V,SGE,-2.743403466,-2.8236636233125,-3.036220738,A,96,96
96,D,Y,SGE,-3.544097805,-2.8236636233125,-3.036220738,A,96,96
96,D,A,SGE,-3.0700093589999997,-2.8236636233125,-3.036220738,A,96,96
97,T,A,SGE,-0.7268205809999999,-1.0069625993809523,-1.023823585,A,97,97
97,T,I,SGE,-1.040134487,-1.0069625993809523,-1.023823585,A,97,97
97,T,K,SGE,-1.279120177,-1.0069625993809523,-1.023823585,A,97,97
97,T,P,SGE,-2.517170851,-1.0069625993809523,-1.023823585,A,97,97
97,T,R,SGE,-1.023823585,-1.0069625993809523,-1.023823585,A,97,97
96,D,D,SGE,-0.310482961,-2.8236636233125,-3.036220738,A,96,96
94,Q,L,SGE,-1.8635581419999998,-0.8651358569375001,-0.42585479225,A,94,94
94,Q,P,SGE,-1.202904473,-0.8651358569375001,-0.42585479225,A,94,94
94,Q,Q,SGE,-0.508034385,-0.8651358569375001,-0.42585479225,A,94,94
94,Q,R,SGE,-0.001086415,-0.8651358569375001,-0.42585479225,A,94,94
95,L,F,SGE,-0.480312471,-0.809660346,-0.353218078,A,95,95
95,L,H,SGE,-0.353218078,-0.809660346,-0.353218078,A,95,95
95,L,I,SGE,-0.07921773900000001,-0.809660346,-0.353218078,A,95,95
95,L,L,SGE,-0.156805478,-0.809660346,-0.353218078,A,95,95
95,L,P,SGE,-3.2712966210000003,-0.809660346,-0.353218078,A,95,95
95,L,R,SGE,-0.202981727,-0.809660346,-0.353218078,A,95,95
95,L,V,SGE,-1.123790308,-0.809660346,-0.353218078,A,95,95
90,I,V,SGE,-0.07223059700000001,-0.35040652268749994,-0.23457003525,A,90,90
39,C,C,SGE,0.069271581,-2.0464413251875,-2.2725713215,A,39,39
38,K,N,SGE,-0.07991405500000001,-0.37751080524999997,-0.133771306,A,38,38
38,K,Q,SGE,0.044227472999999996,-0.37751080524999997,-0.133771306,A,38,38
38,K,R,SGE,-0.187628557,-0.37751080524999997,-0.133771306,A,38,38
38,K,T,SGE,0.038121997000000005,-0.37751080524999997,-0.133771306,A,38,38
39,C,*,SGE,-2.202541027,-2.0464413251875,-2.2725713215,A,39,39
39,C,F,SGE,-2.3209231409999997,-2.0464413251875,-2.2725713215,A,39,39
39,C,G,SGE,-2.224219502,-2.0464413251875,-2.2725713215,A,39,39
39,C,R,SGE,-2.403609049,-2.0464413251875,-2.2725713215,A,39,39
39,C,S,SGE,-2.0968396355000003,-2.0464413251875,-2.2725713215,A,39,39
39,C,W,SGE,-2.534430214,-2.0464413251875,-2.2725713215,A,39,39
39,C,Y,SGE,-2.658239614,-2.0464413251875,-2.2725713215,A,39,39
38,K,M,SGE,-0.271030936,-0.37751080524999997,-0.133771306,A,38,38
38,K,K,SGE,-0.290726688,-0.37751080524999997,-0.133771306,A,38,38
38,K,E,SGE,-0.059168364,-0.37751080524999997,-0.133771306,A,38,38
38,K,*,SGE,-2.213967312,-0.37751080524999997,-0.133771306,A,38,38
37,T,A,SGE,0.114420378,-0.8668113932857143,-0.368808462,A,37,37
37,T,I,SGE,-0.84183045,-0.8668113932857143,-0.368808462,A,37,37
37,T,K,SGE,-2.49352324,-0.8668113932857143,-0.368808462,A,37,37
37,T,P,SGE,-0.368808462,-0.8668113932857143,-0.368808462,A,37,37
37,T,R,SGE,-2.4855273959999997,-0.8668113932857143,-0.368808462,A,37,37
37,T,S,SGE,-0.080738999,-0.8668113932857143,-0.368808462,A,37,37
37,T,T,SGE,0.088328416,-0.8668113932857143,-0.368808462,A,37,37
42,I,R,SGE,-0.550860609,-0.1499207235,-0.075750561,A,42,42
42,I,I,SGE,-0.1147127475,-0.1499207235,-0.075750561,A,42,42
42,I,K,SGE,-0.63648837,-0.1499207235,-0.075750561,A,42,42
42,I,L,SGE,0.07184901400000002,-0.1499207235,-0.075750561,A,42,42
42,I,M,SGE,0.146633898,-0.1499207235,-0.075750561,A,42,42
42,I,T,SGE,-0.075750561,-0.1499207235,-0.075750561,A,42,42
42,I,V,SGE,0.109884311,-0.1499207235,-0.075750561,A,42,42
43,F,C,SGE,-0.768825627,-0.8086650101904762,-1.0384704740000001,A,43,43
43,F,F,SGE,0.08786755800000001,-0.8086650101904762,-1.0384704740000001,A,43,43
41,H,Y,SGE,-2.022331753,-1.9066268279374998,-2.109849904,A,41,41
41,H,R,SGE,-2.0779570730000003,-1.9066268279374998,-2.109849904,A,41,41
41,H,Q,SGE,-2.2761723515,-1.9066268279374998,-2.109849904,A,41,41
40,D,A,SGE,-0.119215796,-0.140797177125,-0.0997095795,A,40,40
40,D,D,SGE,0.103513701,-0.140797177125,-0.0997095795,A,40,40
40,D,E,SGE,-0.06845915699999999,-0.140797177125,-0.0997095795,A,40,40
40,D,G,SGE,0.197450868,-0.140797177125,-0.0997095795,A,40,40
40,D,H,SGE,-0.28111257,-0.140797177125,-0.0997095795,A,40,40
40,D,N,SGE,-0.080203363,-0.140797177125,-0.0997095795,A,40,40
40,D,V,SGE,-0.5014125220000001,-0.140797177125,-0.0997095795,A,40,40
40,D,Y,SGE,-0.37693857799999997,-0.140797177125,-0.0997095795,A,40,40
41,H,D,SGE,-2.141742735,-1.9066268279374998,-2.109849904,A,41,41
41,H,H,SGE,-0.108913454,-1.9066268279374998,-2.109849904,A,41,41
41,H,L,SGE,-1.775323475,-1.9066268279374998,-2.109849904,A,41,41
41,H,N,SGE,-2.290756756,-1.9066268279374998,-2.109849904,A,41,41
41,H,P,SGE,-2.559817026,-1.9066268279374998,-2.109849904,A,41,41
36,S,T,SGE,-0.09483745800000001,-0.013436192500000006,-0.013436192500000006,A,36,36
36,S,A,SGE,0.067965073,-0.013436192500000006,-0.013436192500000006,A,36,36
31,I,N,SGE,-0.828223479,-0.214915136625,-0.0977822865,A,31,31
31,I,F,SGE,0.266900903,-0.214915136625,-0.0977822865,A,31,31
31,I,I,SGE,-0.47055742300000003,-0.214915136625,-0.0977822865,A,31,31
31,I,L,SGE,-0.061783127,-0.214915136625,-0.0977822865,A,31,31
31,I,M,SGE,-0.631893112,-0.214915136625,-0.0977822865,A,31,31
31,I,S,SGE,-0.031236589,-0.214915136625,-0.0977822865,A,31,31
31,I,T,SGE,-0.133781446,-0.214915136625,-0.0977822865,A,31,31
31,I,V,SGE,0.17125318,-0.214915136625,-0.0977822865,A,31,31
32,K,*,SGE,-2.226122229,-0.30338190631249995,-0.064991733,A,32,32
32,K,E,SGE,-0.08777441,-0.30338190631249995,-0.064991733,A,32,32
32,K,K,SGE,-0.042209055999999995,-0.30338190631249995,-0.064991733,A,32,32
32,K,M,SGE,-0.307423532,-0.30338190631249995,-0.064991733,A,32,32
29,E,A,SGE,-0.053629647,-0.47536608187500007,-0.273367594,A,29,29
29,E,D,SGE,-0.31364219200000004,-0.47536608187500007,-0.273367594,A,29,29
29,E,E,SGE,-0.141286741,-0.47536608187500007,-0.273367594,A,29,29
29,E,G,SGE,-0.286648662,-0.47536608187500007,-0.273367594,A,29,29
29,E,K,SGE,-0.645511679,-0.47536608187500007,-0.273367594,A,29,29
29,E,Q,SGE,0.132155295,-0.47536608187500007,-0.273367594,A,29,29
29,E,V,SGE,-0.26008652600000004,-0.47536608187500007,-0.273367594,A,29,29
30,L,*,SGE,-2.5947085359999997,-0.44385150785714284,-0.047369437,A,30,30
30,L,F,SGE,-0.47645858100000005,-0.44385150785714284,-0.047369437,A,30,30
30,L,L,SGE,-0.037556058,-0.44385150785714284,-0.047369437,A,30,30
30,L,M,SGE,0.28476643100000004,-0.44385150785714284,-0.047369437,A,30,30
30,L,S,SGE,0.060109119,-0.44385150785714284,-0.047369437,A,30,30
30,L,V,SGE,-0.047369437,-0.44385150785714284,-0.047369437,A,30,30
30,L,W,SGE,-0.295743493,-0.44385150785714284,-0.047369437,A,30,30
32,K,N,SGE,-0.2299648175,-0.30338190631249995,-0.064991733,A,32,32
32,K,Q,SGE,0.09843393,-0.30338190631249995,-0.064991733,A,32,32
32,K,R,SGE,0.24921883,-0.30338190631249995,-0.064991733,A,32,32
34,P,H,SGE,-2.8399643539999997,-1.4088636607619047,-1.6239024,A,34,34
34,P,L,SGE,-1.867931438,-1.4088636607619047,-1.6239024,A,34,34
34,P,P,SGE,-0.15849321533333335,-1.4088636607619047,-1.6239024,A,34,34
34,P,R,SGE,-2.043268182,-1.4088636607619047,-1.6239024,A,34,34
34,P,S,SGE,-1.6239024,-1.4088636607619047,-1.6239024,A,34,34
34,P,T,SGE,-1.184000476,-1.4088636607619047,-1.6239024,A,34,34
35,V,A,SGE,-1.4417628869999999,-1.1978537547142858,-1.23552836,A,35,35
35,V,D,SGE,-2.398558825,-1.1978537547142858,-1.23552836,A,35,35
35,V,F,SGE,-1.23552836,-1.1978537547142858,-1.23552836,A,35,35
35,V,G,SGE,-2.111132312,-1.1978537547142858,-1.23552836,A,35,35
35,V,I,SGE,-0.337374626,-1.1978537547142858,-1.23552836,A,35,35
35,V,L,SGE,-0.7844899259999999,-1.1978537547142858,-1.23552836,A,35,35
35,V,V,SGE,-0.076129347,-1.1978537547142858,-1.23552836,A,35,35
34,P,A,SGE,-0.14448556,-1.4088636607619047,-1.6239024,A,34,34
32,K,T,SGE,0.118786034,-0.30338190631249995,-0.064991733,A,32,32
33,E,*,SGE,-1.462971349,-0.399496093375,-0.31393163749999997,A,33,33
33,E,A,SGE,-0.362577559,-0.399496093375,-0.31393163749999997,A,33,33
33,E,D,SGE,-0.011212319999999984,-0.399496093375,-0.31393163749999997,A,33,33
33,E,E,SGE,0.282275855,-0.399496093375,-0.31393163749999997,A,33,33
33,E,G,SGE,-0.944338479,-0.399496093375,-0.31393163749999997,A,33,33
33,E,K,SGE,-0.412088921,-0.399496093375,-0.31393163749999997,A,33,33
33,E,Q,SGE,-0.265285716,-0.399496093375,-0.31393163749999997,A,33,33
33,E,V,SGE,-0.019770258,-0.399496093375,-0.31393163749999997,A,33,33
43,F,I,SGE,-1.165814315,-0.8086650101904762,-1.0384704740000001,A,43,43
43,F,L,SGE,-1.3133270473333332,-0.8086650101904762,-1.0384704740000001,A,43,43
43,F,S,SGE,-1.2409950220000001,-0.8086650101904762,-1.0384704740000001,A,43,43
53,N,K,SGE,-0.5187967655,-0.3694484694375,-0.4071426845,A,53,53
52,L,P,SGE,-1.2635474759999998,-0.6066958304285714,-0.36681720599999995,A,52,52
52,L,R,SGE,-1.10919469,-0.6066958304285714,-0.36681720599999995,A,52,52
52,L,V,SGE,-0.105063688,-0.6066958304285714,-0.36681720599999995,A,52,52
53,N,D,SGE,-0.52784335,-0.3694484694375,-0.4071426845,A,53,53
53,N,H,SGE,0.006497211,-0.3694484694375,-0.4071426845,A,53,53
53,N,I,SGE,-0.347808015,-0.3694484694375,-0.4071426845,A,53,53
53,N,N,SGE,-0.466477354,-0.3694484694375,-0.4071426845,A,53,53
50,K,R,SGE,0.134461517,-0.279899038,-0.03967385049999999,A,50,50
53,N,S,SGE,0.00786607,-0.3694484694375,-0.4071426845,A,53,53
53,N,T,SGE,-0.7616288440000001,-0.3694484694375,-0.4071426845,A,53,53
53,N,Y,SGE,-0.34739670799999994,-0.3694484694375,-0.4071426845,A,53,53
52,L,L,SGE,-0.36681720599999995,-0.6066958304285714,-0.36681720599999995,A,52,52
52,L,I,SGE,-0.21970342199999998,-0.6066958304285714,-0.36681720599999995,A,52,52
52,L,H,SGE,-1.017841257,-0.6066958304285714,-0.36681720599999995,A,52,52
52,L,F,SGE,-0.164703074,-0.6066958304285714,-0.36681720599999995,A,52,52
51,L,F,SGE,-0.145244781,-0.35320351376190473,-0.321300496,A,51,51
51,L,H,SGE,0.024377681000000002,-0.35320351376190473,-0.321300496,A,51,51
51,L,I,SGE,-0.321300496,-0.35320351376190473,-0.321300496,A,51,51
51,L,L,SGE,0.09739124266666666,-0.35320351376190473,-0.321300496,A,51,51
51,L,P,SGE,-1.3328483309999999,-0.35320351376190473,-0.321300496,A,51,51
51,L,R,SGE,-0.334968955,-0.35320351376190473,-0.321300496,A,51,51
51,L,V,SGE,-0.45983095700000004,-0.35320351376190473,-0.321300496,A,51,51
54,Q,*,SGE,-2.410539191,-0.56140044025,-0.31103336800000003,A,54,54
54,Q,E,SGE,-0.31400165,-0.56140044025,-0.31103336800000003,A,54,54
55,K,T,SGE,0.113378349,-0.27300933112500003,-0.020395666,A,55,55
56,K,*,SGE,-2.236877928,-0.2945536073125,-0.079685487,A,56,56
56,K,E,SGE,-0.093192678,-0.2945536073125,-0.079685487,A,56,56
56,K,I,SGE,0.141884635,-0.2945536073125,-0.079685487,A,56,56
56,K,K,SGE,-0.072888798,-0.2945536073125,-0.079685487,A,56,56
56,K,N,SGE,-0.1389070405,-0.2945536073125,-0.079685487,A,56,56
56,K,Q,SGE,0.202923925,-0.2945536073125,-0.079685487,A,56,56
56,K,R,SGE,-0.076559115,-0.2945536073125,-0.079685487,A,56,56
56,K,T,SGE,-0.082811859,-0.2945536073125,-0.079685487,A,56,56
57,G,A,SGE,0.17074004,0.052145297666666666,0.052949157999999996,A,57,57
57,G,R,SGE,-0.067253305,0.052145297666666666,0.052949157999999996,A,57,57
57,G,V,SGE,0.052949157999999996,0.052145297666666666,0.052949157999999996,A,57,57
55,K,R,SGE,-0.04167302,-0.27300933112500003,-0.020395666,A,55,55
54,Q,H,SGE,-0.08116655299999999,-0.56140044025,-0.31103336800000003,A,54,54
55,K,Q,SGE,0.139050271,-0.27300933112500003,-0.020395666,A,55,55
54,Q,K,SGE,-0.6202013710000001,-0.56140044025,-0.31103336800000003,A,54,54
54,Q,L,SGE,-0.15939853199999998,-0.56140044025,-0.31103336800000003,A,54,54
54,Q,P,SGE,-0.475637296,-0.56140044025,-0.31103336800000003,A,54,54
54,Q,Q,SGE,-0.308065086,-0.56140044025,-0.31103336800000003,A,54,54
54,Q,R,SGE,-0.12219384300000001,-0.56140044025,-0.31103336800000003,A,54,54
55,K,*,SGE,-2.1720356290000002,-0.27300933112500003,-0.020395666,A,55,55
55,K,E,SGE,0.038472736,-0.27300933112500003,-0.020395666,A,55,55
55,K,K,SGE,0.000881688,-0.27300933112500003,-0.020395666,A,55,55
55,K,M,SGE,-0.13229232800000001,-0.27300933112500003,-0.020395666,A,55,55
55,K,N,SGE,-0.12985671599999998,-0.27300933112500003,-0.020395666,A,55,55
50,K,T,SGE,0.4397899,-0.279899038,-0.03967385049999999,A,50,50
50,K,Q,SGE,-0.289487269,-0.279899038,-0.03967385049999999,A,50,50
43,F,V,SGE,-1.0384704740000001,-0.8086650101904762,-1.0384704740000001,A,43,43
45,K,K,SGE,-0.162758147,-0.870261222,-0.5494934705,A,45,45
45,K,N,SGE,-0.464536707,-0.870261222,-0.5494934705,A,45,45
45,K,Q,SGE,-0.267722267,-0.870261222,-0.5494934705,A,45,45
45,K,R,SGE,-0.12650525599999998,-0.870261222,-0.5494934705,A,45,45
45,K,T,SGE,-0.698344352,-0.870261222,-0.5494934705,A,45,45
46,F,C,SGE,0.138588779,-0.08372353366666667,-0.021505537999999998,A,46,46
50,K,N,SGE,-0.12250884699999998,-0.279899038,-0.03967385049999999,A,50,50
46,F,F,SGE,-0.021505537999999998,-0.08372353366666667,-0.021505537999999998,A,46,46
46,F,I,SGE,0.11801854099999999,-0.08372353366666667,-0.021505537999999998,A,46,46
46,F,L,SGE,-0.3086203416666667,-0.08372353366666667,-0.021505537999999998,A,46,46
46,F,S,SGE,0.242754195,-0.08372353366666667,-0.021505537999999998,A,46,46
46,F,V,SGE,-0.40050379700000005,-0.08372353366666667,-0.021505537999999998,A,46,46
46,F,Y,SGE,-0.354796574,-0.08372353366666667,-0.021505537999999998,A,46,46
45,K,I,SGE,-2.435805825,-0.870261222,-0.5494934705,A,45,45
45,K,E,SGE,-0.634450234,-0.870261222,-0.5494934705,A,45,45
43,F,Y,SGE,-0.221090144,-0.8086650101904762,-1.0384704740000001,A,43,43
44,C,*,SGE,-2.9115552339999997,-2.4133527068125002,-2.36191098625,A,44,44
44,C,C,SGE,-2.092239793,-2.4133527068125002,-2.36191098625,A,44,44
44,C,F,SGE,-2.5421885140000002,-2.4133527068125002,-2.36191098625,A,44,44
44,C,G,SGE,-2.532168237,-2.4133527068125002,-2.36191098625,A,44,44
44,C,R,SGE,-2.197828124,-2.4133527068125002,-2.36191098625,A,44,44
44,C,S,SGE,-2.3258478945,-2.4133527068125002,-2.36191098625,A,44,44
44,C,W,SGE,-2.30701978,-2.4133527068125002,-2.36191098625,A,44,44
44,C,Y,SGE,-2.3979740780000003,-2.4133527068125002,-2.36191098625,A,44,44
49,L,L,SGE,-0.20820470800000002,-0.7068426108333333,-0.6076112920000001,A,49,49
49,L,M,SGE,-0.518552505,-0.7068426108333333,-0.6076112920000001,A,49,49
49,L,P,SGE,-1.624518584,-0.7068426108333333,-0.6076112920000001,A,49,49
49,L,Q,SGE,-0.319246702,-0.7068426108333333,-0.6076112920000001,A,49,49
49,L,R,SGE,-0.6966700790000001,-0.7068426108333333,-0.6076112920000001,A,49,49
49,L,V,SGE,-0.873863087,-0.7068426108333333,-0.6076112920000001,A,49,49
50,K,*,SGE,-1.979432998,-0.279899038,-0.03967385049999999,A,50,50
50,K,E,SGE,-0.591419465,-0.279899038,-0.03967385049999999,A,50,50
50,K,I,SGE,0.12624371199999998,-0.279899038,-0.03967385049999999,A,50,50
50,K,K,SGE,0.043161146,-0.279899038,-0.03967385049999999,A,50,50
48,M,V,SGE,-0.276021452,-0.9440399908888889,-0.29577414049999995,A,48,48
47,C,*,SGE,-2.149613686,-1.7190289721875,-1.8977374239999998,A,47,47
47,C,C,SGE,-0.022871896,-1.7190289721875,-1.8977374239999998,A,47,47
47,C,F,SGE,-1.9601787569999998,-1.7190289721875,-1.8977374239999998,A,47,47
47,C,G,SGE,-2.435887658,-1.7190289721875,-1.8977374239999998,A,47,47
47,C,R,SGE,-1.835296091,-1.7190289721875,-1.8977374239999998,A,47,47
47,C,S,SGE,-1.4137105024999999,-1.7190289721875,-1.8977374239999998,A,47,47
47,C,W,SGE,-2.256689846,-1.7190289721875,-1.8977374239999998,A,47,47
47,C,Y,SGE,-1.677983341,-1.7190289721875,-1.8977374239999998,A,47,47
48,M,I,SGE,-0.0005035803333333274,-0.9440399908888889,-0.29577414049999995,A,48,48
48,M,K,SGE,-2.12489334,-0.9440399908888889,-0.29577414049999995,A,48,48
48,M,L,SGE,-0.31552682899999995,-0.9440399908888889,-0.29577414049999995,A,48,48
48,M,R,SGE,-2.8839568960000004,-0.9440399908888889,-0.29577414049999995,A,48,48
48,M,T,SGE,-0.063337848,-0.9440399908888889,-0.29577414049999995,A,48,48
29,E,*,SGE,-2.234278503,-0.47536608187500007,-0.273367594,A,29,29
10,E,Q,SGE,-0.40328654,-0.6193156825624999,-0.35590304300000003,A,10,10
9,E,V,SGE,-0.252637874,-0.4389754323125001,-0.25909645875,A,9,9
10,E,*,SGE,-2.3527273859999998,-0.6193156825624999,-0.35590304300000003,A,10,10
10,E,A,SGE,-0.031900677999999995,-0.6193156825624999,-0.35590304300000003,A,10,10
10,E,D,SGE,-0.0529393675,-0.6193156825624999,-0.35590304300000003,A,10,10
10,E,E,SGE,-0.30851954600000003,-0.6193156825624999,-0.35590304300000003,A,10,10
10,E,G,SGE,-0.183632895,-0.6193156825624999,-0.35590304300000003,A,10,10
10,E,K,SGE,-0.7696158790000001,-0.6193156825624999,-0.35590304300000003,A,10,10
10,E,V,SGE,-0.8519031690000001,-0.6193156825624999,-0.35590304300000003,A,10,10
8,V,D,SGE,-1.121675899,-0.4080166249047619,-0.44826749299999996,A,8,8
11,V,A,SGE,-0.126650277,-1.0324048819444445,-0.7342054045,A,11,11
9,E,Q,SGE,-0.292376185,-0.4389754323125001,-0.25909645875,A,9,9
9,E,K,SGE,-0.649333464,-0.4389754323125001,-0.25909645875,A,9,9
9,E,G,SGE,-0.145407855,-0.4389754323125001,-0.25909645875,A,9,9
9,E,E,SGE,-0.200679811,-0.4389754323125001,-0.25909645875,A,9,9
8,V,G,SGE,-0.31228933,-0.4080166249047619,-0.44826749299999996,A,8,8
8,V,I,SGE,-0.5609186629999999,-0.4080166249047619,-0.44826749299999996,A,8,8
8,V,L,SGE,-0.44826749299999996,-0.4080166249047619,-0.44826749299999996,A,8,8
8,V,V,SGE,-0.06714467933333336,-0.4080166249047619,-0.44826749299999996,A,8,8
9,E,*,SGE,-1.942555755,-0.4389754323125001,-0.25909645875,A,9,9
9,E,A,SGE,0.23674252899999998,-0.4389754323125001,-0.25909645875,A,9,9
9,E,D,SGE,-0.26555504350000003,-0.4389754323125001,-0.25909645875,A,9,9
11,V,E,SGE,-2.204882746,-1.0324048819444445,-0.7342054045,A,11,11
11,V,G,SGE,-2.47449709,-1.0324048819444445,-0.7342054045,A,11,11
11,V,I,SGE,-0.31342494600000004,-1.0324048819444445,-0.7342054045,A,11,11
13,N,D,SGE,0.316276816,-0.09874469993750001,-0.0902643795,A,13,13
13,N,I,SGE,-0.578107177,-0.09874469993750001,-0.0902643795,A,13,13
13,N,K,SGE,-0.17047302649999999,-0.09874469993750001,-0.0902643795,A,13,13
13,N,N,SGE,-0.10851237400000001,-0.09874469993750001,-0.0902643795,A,13,13
13,N,S,SGE,-0.072016385,-0.09874469993750001,-0.0902643795,A,13,13
13,N,T,SGE,0.17109458600000002,-0.09874469993750001,-0.0902643795,A,13,13
13,N,Y,SGE,-0.50402904,-0.09874469993750001,-0.0902643795,A,13,13
14,V,A,SGE,0.062406302999999996,-0.7524857762857142,-0.548239955,A,14,14
14,V,D,SGE,-1.233904887,-0.7524857762857142,-0.548239955,A,14,14
14,V,F,SGE,-1.431762196,-0.7524857762857142,-0.548239955,A,14,14
14,V,G,SGE,-1.861215052,-0.7524857762857142,-0.548239955,A,14,14
14,V,I,SGE,-0.006564323,-0.7524857762857142,-0.548239955,A,14,14
14,V,L,SGE,-0.548239955,-0.7524857762857142,-0.548239955,A,14,14
14,V,V,SGE,-0.24812032399999998,-0.7524857762857142,-0.548239955,A,14,14
13,N,H,SGE,0.155809001,-0.09874469993750001,-0.0902643795,A,13,13
11,V,L,SGE,-1.154985863,-1.0324048819444445,-0.7342054045,A,11,11
11,V,V,SGE,0.08001163033333335,-1.0324048819444445,-0.7342054045,A,11,11
12,Q,*,SGE,-1.8924615740000001,-0.5173919929374999,-0.09292611775000001,A,12,12
12,Q,E,SGE,-0.387357109,-0.5173919929374999,-0.09292611775000001,A,12,12
12,Q,H,SGE,-0.0723552965,-0.5173919929374999,-0.09292611775000001,A,12,12
12,Q,K,SGE,0.078566622,-0.5173919929374999,-0.09292611775000001,A,12,12
12,Q,L,SGE,0.11907436699999999,-0.5173919929374999,-0.09292611775000001,A,12,12
12,Q,P,SGE,-2.184754753,-0.5173919929374999,-0.09292611775000001,A,12,12
12,Q,Q,SGE,-0.113496939,-0.5173919929374999,-0.09292611775000001,A,12,12
12,Q,R,SGE,0.313648739,-0.5173919929374999,-0.09292611775000001,A,12,12
8,V,F,SGE,-0.5692268070000001,-0.4080166249047619,-0.44826749299999996,A,8,8
8,V,A,SGE,0.22340649699999998,-0.4080166249047619,-0.44826749299999996,A,8,8
3,L,F,SGE,-0.473639601,-0.6055976375,-0.058251166,A,3,3
2,D,Y,SGE,-0.256094696,-0.6032527209374999,-0.4695245795,A,2,2
3,L,*,SGE,-3.162228194,-0.6055976375,-0.058251166,A,3,3
3,L,I,SGE,0.021900501,-0.6055976375,-0.058251166,A,3,3
3,L,L,SGE,0.096883801,-0.6055976375,-0.058251166,A,3,3
3,L,S,SGE,-0.066456403,-0.6055976375,-0.058251166,A,3,3
3,L,V,SGE,-0.050045929,-0.6055976375,-0.058251166,A,3,3
4,S,A,SGE,0.07369129099999999,-0.1874922478095238,-0.245299044,A,4,4
4,S,C,SGE,-0.245299044,-0.1874922478095238,-0.245299044,A,4,4
4,S,F,SGE,-0.49523871,-0.1874922478095238,-0.245299044,A,4,4
2,D,V,SGE,-1.1594980209999999,-0.6032527209374999,-0.4695245795,A,2,2
2,D,N,SGE,-0.682954463,-0.6032527209374999,-0.4695245795,A,2,2
2,D,H,SGE,-1.473830806,-0.6032527209374999,-0.4695245795,A,2,2
2,D,G,SGE,-1.017827978,-0.6032527209374999,-0.4695245795,A,2,2
1,M,I,SGE,-2.2085123833333333,-2.0416808649722222,-2.1170785561666667,A,1,1
1,M,K,SGE,-1.6367004569999999,-2.0416808649722222,-2.1170785561666667,A,1,1
1,M,L,SGE,-2.2410789885,-2.0416808649722222,-2.1170785561666667,A,1,1
1,M,R,SGE,-2.481579555,-2.0416808649722222,-2.1170785561666667,A,1,1
1,M,T,SGE,-1.656569077,-2.0416808649722222,-2.1170785561666667,A,1,1
1,M,V,SGE,-2.025644729,-2.0416808649722222,-2.1170785561666667,A,1,1
2,D,A,SGE,-0.180781768,-0.6032527209374999,-0.4695245795,A,2,2
2,D,D,SGE,-0.098318749,-0.6032527209374999,-0.4695245795,A,2,2
2,D,E,SGE,0.0432847135,-0.6032527209374999,-0.4695245795,A,2,2
4,S,P,SGE,-0.330095865,-0.1874922478095238,-0.245299044,A,4,4
4,S,S,SGE,-0.09775266566666667,-0.1874922478095238,-0.245299044,A,4,4
4,S,T,SGE,0.037639503,-0.1874922478095238,-0.245299044,A,4,4
6,L,I,SGE,-0.114585699,-0.00916008838095238,-0.038196846,A,6,6
6,L,P,SGE,0.32695251,-0.00916008838095238,-0.038196846,A,6,6
6,L,R,SGE,-0.195369135,-0.00916008838095238,-0.038196846,A,6,6
6,L,V,SGE,0.16358630400000002,-0.00916008838095238,-0.038196846,A,6,6
7,R,C,SGE,-0.1488671,-0.3127974720952381,-0.192425586,A,7,7
7,R,G,SGE,-0.311500807,-0.3127974720952381,-0.192425586,A,7,7
7,R,H,SGE,-0.539420688,-0.3127974720952381,-0.192425586,A,7,7
7,R,L,SGE,-0.016458551999999998,-0.3127974720952381,-0.192425586,A,7,7
7,R,P,SGE,-0.192425586,-0.3127974720952381,-0.192425586,A,7,7
7,R,R,SGE,-0.059317897666666675,-0.3127974720952381,-0.192425586,A,7,7
7,R,S,SGE,-0.9215916740000001,-0.3127974720952381,-0.192425586,A,7,7
6,L,L,SGE,-0.025549479666666666,-0.00916008838095238,-0.038196846,A,6,6
6,L,H,SGE,-0.038196846,-0.00916008838095238,-0.038196846,A,6,6
4,S,Y,SGE,-0.255390244,-0.1874922478095238,-0.245299044,A,4,4
6,L,F,SGE,-0.180958273,-0.00916008838095238,-0.038196846,A,6,6
5,A,A,SGE,-0.14506446566666667,-0.2188634748095238,-0.14506446566666667,A,5,5
5,A,D,SGE,0.132687421,-0.2188634748095238,-0.14506446566666667,A,5,5
5,A,G,SGE,-0.591609275,-0.2188634748095238,-0.14506446566666667,A,5,5
5,A,P,SGE,-0.892859053,-0.2188634748095238,-0.14506446566666667,A,5,5
5,A,S,SGE,-0.261440554,-0.2188634748095238,-0.14506446566666667,A,5,5
5,A,T,SGE,-0.08783819699999999,-0.2188634748095238,-0.14506446566666667,A,5,5
5,A,V,SGE,0.31407979999999996,-0.2188634748095238,-0.14506446566666667,A,5,5
24,C,G,SGE,-2.315087279,-1.874242125,-2.226795713,A,24,24
23,E,V,SGE,0.13586125699999999,-0.5771280433125001,-0.4758559435,A,23,23
24,C,*,SGE,-2.310907666,-1.874242125,-2.226795713,A,24,24
24,C,C,SGE,0.263497776,-1.874242125,-2.226795713,A,24,24
24,C,F,SGE,-1.2782737990000002,-1.874242125,-2.226795713,A,24,24
24,C,R,SGE,-2.785239979,-1.874242125,-2.226795713,A,24,24
21,I,T,SGE,0.072621292,-0.23696661925,-0.181404529,A,21,21
24,C,S,SGE,-1.689331438,-1.874242125,-2.226795713,A,24,24
24,C,W,SGE,-2.735910855,-1.874242125,-2.226795713,A,24,24
24,C,Y,SGE,-2.14268376,-1.874242125,-2.226795713,A,24,24
25,P,A,SGE,0.437601909,-0.3135253792,-0.194290415,A,25,25
23,E,Q,SGE,0.25264145,-0.5771280433125001,-0.4758559435,A,23,23
23,E,K,SGE,-0.342968971,-0.5771280433125001,-0.4758559435,A,23,23
23,E,G,SGE,-0.84338501,-0.5771280433125001,-0.4758559435,A,23,23
23,E,E,SGE,-0.13816123,-0.5771280433125001,-0.4758559435,A,23,23
22,L,*,SGE,-2.0697546705,-0.8749286645,-0.5716719662499999,A,22,22
22,L,F,SGE,-0.5175656734999999,-0.8749286645,-0.5716719662499999,A,22,22
22,L,I,SGE,-0.625778259,-0.8749286645,-0.5716719662499999,A,22,22
22,L,L,SGE,0.333624484,-0.8749286645,-0.5716719662499999,A,22,22
22,L,S,SGE,-2.106675789,-0.8749286645,-0.5716719662499999,A,22,22
22,L,V,SGE,-0.263422079,-0.8749286645,-0.5716719662499999,A,22,22
23,E,*,SGE,-2.1023149290000003,-0.5771280433125001,-0.4758559435,A,23,23
23,E,A,SGE,-0.608742916,-0.5771280433125001,-0.4758559435,A,23,23
23,E,D,SGE,-0.9699539975,-0.5771280433125001,-0.4758559435,A,23,23
25,P,L,SGE,-1.660835719,-0.3135253792,-0.194290415,A,25,25
25,P,R,SGE,-0.202953505,-0.3135253792,-0.194290415,A,25,25
25,P,S,SGE,0.052850834000000006,-0.3135253792,-0.194290415,A,25,25
27,C,F,SGE,-2.5801243990000002,-1.8484355205625,-1.9411235565,A,27,27
27,C,R,SGE,-1.959356754,-1.8484355205625,-1.9411235565,A,27,27
27,C,S,SGE,-1.7925348335,-1.8484355205625,-1.9411235565,A,27,27
27,C,W,SGE,-1.9228903590000002,-1.8484355205625,-1.9411235565,A,27,27
27,C,Y,SGE,-1.8882624330000002,-1.8484355205625,-1.9411235565,A,27,27
28,L,L,SGE,-0.20810444225,-0.589880401875,-0.44616580100000003,A,28,28
28,L,M,SGE,-0.559160153,-0.589880401875,-0.44616580100000003,A,28,28
28,L,P,SGE,-1.643605819,-0.589880401875,-0.44616580100000003,A,28,28
28,L,Q,SGE,-0.333171449,-0.589880401875,-0.44616580100000003,A,28,28
28,L,R,SGE,-0.06628091400000001,-0.589880401875,-0.44616580100000003,A,28,28
28,L,V,SGE,-0.7289596340000001,-0.589880401875,-0.44616580100000003,A,28,28
27,C,G,SGE,-2.374209472,-1.8484355205625,-1.9411235565,A,27,27
27,C,C,SGE,0.0032603809999999997,-1.8484355205625,-1.9411235565,A,27,27
25,P,T,SGE,-0.194290415,-0.3135253792,-0.194290415,A,25,25
27,C,*,SGE,-2.273366295,-1.8484355205625,-1.9411235565,A,27,27
26,I,I,SGE,0.348004428,-0.7731847152857144,-0.834112338,A,26,26
26,I,L,SGE,-0.834112338,-0.7731847152857144,-0.834112338,A,26,26
26,I,M,SGE,0.075930661,-0.7731847152857144,-0.834112338,A,26,26
26,I,N,SGE,-1.987543455,-0.7731847152857144,-0.834112338,A,26,26
26,I,S,SGE,-1.0966294970000001,-0.7731847152857144,-0.834112338,A,26,26
26,I,T,SGE,-1.9076738430000002,-0.7731847152857144,-0.834112338,A,26,26
26,I,V,SGE,-0.010268963,-0.7731847152857144,-0.834112338,A,26,26
21,I,V,SGE,-0.14734607800000002,-0.23696661925,-0.181404529,A,21,21
21,I,S,SGE,0.20237441399999997,-0.23696661925,-0.181404529,A,21,21
17,A,A,SGE,0.13023397666666667,-0.5146096211904762,-0.180847973,A,17,17
17,A,D,SGE,0.09080706699999999,-0.5146096211904762,-0.180847973,A,17,17
21,I,N,SGE,-0.21546298,-0.23696661925,-0.181404529,A,21,21
17,A,G,SGE,-0.180847973,-0.5146096211904762,-0.180847973,A,17,17
17,A,P,SGE,-2.879821738,-0.5146096211904762,-0.180847973,A,17,17
17,A,S,SGE,0.24499554,-0.5146096211904762,-0.180847973,A,17,17
17,A,T,SGE,-0.329703976,-0.5146096211904762,-0.180847973,A,17,17
17,A,V,SGE,-0.677930245,-0.5146096211904762,-0.180847973,A,17,17
18,M,I,SGE,-0.21443999133333333,-1.3241518784722224,-1.4173575355,A,18,18
18,M,K,SGE,-2.390480695,-1.3241518784722224,-1.4173575355,A,18,18
16,N,Y,SGE,-0.35392326700000004,-0.04909711731250001,-0.12761105574999998,A,16,16
16,N,T,SGE,0.14842158,-0.04909711731250001,-0.12761105574999998,A,16,16
16,N,S,SGE,-0.333605413,-0.04909711731250001,-0.12761105574999998,A,16,16
16,N,N,SGE,0.063431049,-0.04909711731250001,-0.12761105574999998,A,16,16
15,I,F,SGE,-1.320409483,-1.10460602625,-0.9795506679999999,A,15,15
15,I,I,SGE,0.18472318599999998,-1.10460602625,-0.9795506679999999,A,15,15
15,I,L,SGE,0.082683159,-1.10460602625,-0.9795506679999999,A,15,15
15,I,M,SGE,-0.638691853,-1.10460602625,-0.9795506679999999,A,15,15
15,I,N,SGE,-2.6330534290000003,-1.10460602625,-0.9795506679999999,A,15,15
15,I,S,SGE,-1.834711354,-1.10460602625,-0.9795506679999999,A,15,15
15,I,T,SGE,-2.096972571,-1.10460602625,-0.9795506679999999,A,15,15
15,I,V,SGE,-0.580415865,-1.10460602625,-0.9795506679999999,A,15,15
16,N,D,SGE,-0.17255130300000002,-0.04909711731250001,-0.12761105574999998,A,16,16
16,N,H,SGE,-0.140590293,-0.04909711731250001,-0.12761105574999998,A,16,16
16,N,I,SGE,0.510672527,-0.04909711731250001,-0.12761105574999998,A,16,16
16,N,K,SGE,-0.11463181849999998,-0.04909711731250001,-0.12761105574999998,A,16,16
18,M,L,SGE,-0.0592874295,-1.3241518784722224,-1.4173575355,A,18,18
18,M,R,SGE,-2.445988084,-1.3241518784722224,-1.4173575355,A,18,18
18,M,T,SGE,-1.887430163,-1.3241518784722224,-1.4173575355,A,18,18
20,K,E,SGE,-0.41930474700000003,-0.5183833723125,-0.28658788225,A,20,20
20,K,K,SGE,0.119817298,-0.5183833723125,-0.28658788225,A,20,20
20,K,N,SGE,-0.3505999695,-0.5183833723125,-0.28658788225,A,20,20
20,K,Q,SGE,-0.780493804,-0.5183833723125,-0.28658788225,A,20,20
20,K,R,SGE,-0.076775943,-0.5183833723125,-0.28658788225,A,20,20
20,K,T,SGE,-0.222575795,-0.5183833723125,-0.28658788225,A,20,20
21,I,F,SGE,-0.43269851600000003,-0.23696661925,-0.181404529,A,21,21
21,I,I,SGE,-1.091969556,-0.23696661925,-0.181404529,A,21,21
21,I,L,SGE,0.244697521,-0.23696661925,-0.181404529,A,21,21
21,I,M,SGE,-0.527949051,-0.23696661925,-0.181404529,A,21,21
20,K,I,SGE,-0.207838345,-0.5183833723125,-0.28658788225,A,20,20
20,K,*,SGE,-2.209295673,-0.5183833723125,-0.28658788225,A,20,20
18,M,V,SGE,-0.947284908,-1.3241518784722224,-1.4173575355,A,18,18
19,Q,*,SGE,-1.841135866,-0.615730497875,-0.23987779250000002,A,19,19
19,Q,E,SGE,-0.170930864,-0.615730497875,-0.23987779250000002,A,19,19
19,Q,H,SGE,-0.351579192,-0.615730497875,-0.23987779250000002,A,19,19
19,Q,K,SGE,-0.308824721,-0.615730497875,-0.23987779250000002,A,19,19
19,Q,L,SGE,-0.017068918,-0.615730497875,-0.23987779250000002,A,19,19
19,Q,P,SGE,-2.169057841,-0.615730497875,-0.23987779250000002,A,19,19
19,Q,Q,SGE,-0.11754547900000001,-0.615730497875,-0.23987779250000002,A,19,19
19,Q,R,SGE,0.050298897999999995,-0.615730497875,-0.23987779250000002,A,19,19
45,K,*,SGE,-2.1719669880000003,-0.870261222,-0.5494934705,A,45,45
68,I,V,SGE,0.061827305,-0.5030481242142857,-0.089956555,A,68,68
82,L,V,SGE,-0.788895725,-1.7635601138571428,-1.799486366,A,82,82
83,V,D,SGE,-2.3786119759999997,-0.7809675091666666,-0.30437283049999997,A,83,83
83,V,F,SGE,-1.744361529,-0.7809675091666666,-0.30437283049999997,A,83,83
83,V,G,SGE,-0.020665491,-0.7809675091666666,-0.30437283049999997,A,83,83
83,V,I,SGE,-0.093432181,-0.7809675091666666,-0.30437283049999997,A,83,83
83,V,L,SGE,-0.51531348,-0.7809675091666666,-0.30437283049999997,A,83,83
82,L,P,SGE,-3.451790641,-1.7635601138571428,-1.799486366,A,82,82
83,V,V,SGE,0.066579602,-0.7809675091666666,-0.30437283049999997,A,83,83
68,I,T,SGE,-0.318205181,-0.5030481242142857,-0.089956555,A,68,68
68,I,R,SGE,-1.7548482419999998,-0.5030481242142857,-0.089956555,A,68,68
68,I,M,SGE,0.122549115,-0.5030481242142857,-0.089956555,A,68,68
68,I,L,SGE,-0.007282911499999999,-0.5030481242142857,-0.089956555,A,68,68
68,I,K,SGE,-1.5354204,-0.5030481242142857,-0.089956555,A,68,68
68,I,I,SGE,-0.089956555,-0.5030481242142857,-0.089956555,A,68,68
82,L,R,SGE,-2.50965929,-1.7635601138571428,-1.799486366,A,82,82
69,T,A,SGE,-0.07847902799999999,0.004467083388888892,-0.0151578955,A,69,69
82,L,F,SGE,-1.799486366,-1.7635601138571428,-1.799486366,A,82,82
82,L,H,SGE,-3.50091997,-1.7635601138571428,-1.799486366,A,82,82
70,K,R,SGE,0.207178467,-0.3294475238750001,-0.10437574150000001,A,70,70
70,K,Q,SGE,-0.107747824,-0.3294475238750001,-0.10437574150000001,A,70,70
70,K,N,SGE,-0.6970481040000001,-0.3294475238750001,-0.10437574150000001,A,70,70
70,K,K,SGE,0.258460175,-0.3294475238750001,-0.10437574150000001,A,70,70
82,L,I,SGE,0.026348168999999998,-1.7635601138571428,-1.799486366,A,82,82
70,K,I,SGE,-0.10100365900000001,-0.3294475238750001,-0.10437574150000001,A,70,70
70,K,E,SGE,0.12420064,-0.3294475238750001,-0.10437574150000001,A,70,70
70,K,*,SGE,-2.0183770830000003,-0.3294475238750001,-0.10437574150000001,A,70,70
69,T,I,SGE,-0.0028609620000000003,0.004467083388888892,-0.0151578955,A,69,69
82,L,L,SGE,-0.320516974,-1.7635601138571428,-1.799486366,A,82,82
69,T,T,SGE,0.02420089933333332,0.004467083388888892,-0.0151578955,A,69,69
69,T,S,SGE,-0.041882763999999996,0.004467083388888892,-0.0151578955,A,69,69
69,T,P,SGE,-0.027454829,0.004467083388888892,-0.0151578955,A,69,69
69,T,N,SGE,0.153279184,0.004467083388888892,-0.0151578955,A,69,69
67,D,Y,SGE,-0.080995005,0.05241488799999999,0.10828652,A,67,67
70,K,T,SGE,-0.301242803,-0.3294475238750001,-0.10437574150000001,A,70,70
85,E,E,SGE,0.165827387,-1.0538425141874999,-0.49375485175,A,85,85
66,N,I,SGE,0.35482478700000003,-0.10308698693750001,0.150567752,A,66,66
66,N,H,SGE,0.14413379699999998,-0.10308698693750001,0.150567752,A,66,66
66,N,D,SGE,-0.11727499699999999,-0.10308698693750001,0.150567752,A,66,66
85,E,*,SGE,-2.9306652210000004,-1.0538425141874999,-0.49375485175,A,85,85
85,E,A,SGE,-0.43778165399999996,-1.0538425141874999,-0.49375485175,A,85,85
85,E,D,SGE,-0.5497280495,-1.0538425141874999,-0.49375485175,A,85,85
85,E,G,SGE,-1.4557188269999999,-1.0538425141874999,-0.49375485175,A,85,85
65,K,T,SGE,-0.084730438,-0.21864164774999997,-0.0107150125,A,65,65
65,K,R,SGE,0.186615867,-0.21864164774999997,-0.0107150125,A,65,65
65,K,Q,SGE,0.20349991,-0.21864164774999997,-0.0107150125,A,65,65
65,K,N,SGE,-0.311799708,-0.21864164774999997,-0.0107150125,A,65,65
65,K,M,SGE,0.195705359,-0.21864164774999997,-0.0107150125,A,65,65
65,K,K,SGE,-0.011029098999999999,-0.21864164774999997,-0.0107150125,A,65,65
65,K,E,SGE,-0.010400926,-0.21864164774999997,-0.0107150125,A,65,65
85,E,K,SGE,-3.718221153,-1.0538425141874999,-0.49375485175,A,85,85
85,E,Q,SGE,0.596518164,-1.0538425141874999,-0.49375485175,A,85,85
66,N,K,SGE,0.1936843235,-0.10308698693750001,0.150567752,A,66,66
67,D,V,SGE,0.141412316,0.05241488799999999,0.10828652,A,67,67
84,E,G,SGE,0.09770082599999999,-0.8885430863750001,-0.340676009,A,84,84
67,D,N,SGE,0.149696616,0.05241488799999999,0.10828652,A,67,67
67,D,H,SGE,-0.336806341,0.05241488799999999,0.10828652,A,67,67
77,T,M,SGE,-0.480636069,-0.33441178614285716,-0.480636069,A,77,77
84,E,*,SGE,-3.78174672,-0.8885430863750001,-0.340676009,A,84,84
67,D,G,SGE,0.045656838,0.05241488799999999,0.10828652,A,67,67
67,D,E,SGE,0.081784408,0.05241488799999999,0.10828652,A,67,67
67,D,D,SGE,0.28378164,0.05241488799999999,0.10828652,A,67,67
67,D,A,SGE,0.134788632,0.05241488799999999,0.10828652,A,67,67
84,E,A,SGE,-0.43615651299999997,-0.8885430863750001,-0.340676009,A,84,84
84,E,D,SGE,-0.245195505,-0.8885430863750001,-0.340676009,A,84,84
84,E,E,SGE,0.022958312,-0.8885430863750001,-0.340676009,A,84,84
84,E,K,SGE,-1.4151940530000002,-0.8885430863750001,-0.340676009,A,84,84
84,E,Q,SGE,0.227577933,-0.8885430863750001,-0.340676009,A,84,84
66,N,Y,SGE,-1.7697731140000001,-0.10308698693750001,0.150567752,A,66,66
66,N,T,SGE,0.157001707,-0.10308698693750001,0.150567752,A,66,66
66,N,S,SGE,0.020971639,-0.10308698693750001,0.150567752,A,66,66
66,N,N,SGE,0.19173596199999998,-0.10308698693750001,0.150567752,A,66,66
84,E,V,SGE,-1.5782889709999999,-0.8885430863750001,-0.340676009,A,84,84
71,R,G,SGE,-1.49271759,-1.8155846355,-1.8205271809999999,A,71,71
85,E,V,SGE,-0.10097076,-1.0538425141874999,-0.49375485175,A,85,85
79,F,C,SGE,-0.194974239,-0.3914416784444445,-0.34687115283333336,A,79,79
75,E,Q,SGE,-0.9728596890000001,-0.4358163682142857,-0.172499344,A,75,75
75,E,K,SGE,-0.192425399,-0.4358163682142857,-0.172499344,A,75,75
75,E,G,SGE,-0.172499344,-0.4358163682142857,-0.172499344,A,75,75
75,E,E,SGE,-0.059942675,-0.4358163682142857,-0.172499344,A,75,75
75,E,D,SGE,-0.01767997350000003,-0.4358163682142857,-0.172499344,A,75,75
75,E,A,SGE,0.542069101,-0.4358163682142857,-0.172499344,A,75,75
75,E,*,SGE,-2.177376598,-0.4358163682142857,-0.172499344,A,75,75
79,F,F,SGE,-0.435869713,-0.3914416784444445,-0.34687115283333336,A,79,79
79,F,L,SGE,-0.2578725926666667,-0.3914416784444445,-0.34687115283333336,A,79,79
74,Q,R,SGE,-0.7349807970000001,-0.8726301090000002,-0.7349807970000001,A,74,74
74,Q,P,SGE,-0.690148414,-0.8726301090000002,-0.7349807970000001,A,74,74
74,Q,L,SGE,-0.90038353,-0.8726301090000002,-0.7349807970000001,A,74,74
74,Q,K,SGE,-0.7761061340000001,-0.8726301090000002,-0.7349807970000001,A,74,74
78,R,T,SGE,-0.311143921,-0.6895827670000001,-0.5115063120000001,A,78,78
79,F,V,SGE,-0.6825456059999999,-0.3914416784444445,-0.34687115283333336,A,79,79
77,T,P,SGE,-0.631381944,-0.33441178614285716,-0.480636069,A,77,77
77,T,R,SGE,-0.708556805,-0.33441178614285716,-0.480636069,A,77,77
77,T,S,SGE,0.158595848,-0.33441178614285716,-0.480636069,A,77,77
77,T,T,SGE,-0.752120725,-0.33441178614285716,-0.480636069,A,77,77
77,T,A,SGE,0.298169169,-0.33441178614285716,-0.480636069,A,77,77
76,S,T,SGE,-0.20843566600000002,0.0009765530714285407,-0.11532552199999999,A,76,76
78,R,S,SGE,-0.1812116525,-0.6895827670000001,-0.5115063120000001,A,78,78
76,S,S,SGE,-0.11532552199999999,0.0009765530714285407,-0.11532552199999999,A,76,76
76,S,R,SGE,-0.2523632325,0.0009765530714285407,-0.11532552199999999,A,76,76
76,S,N,SGE,-0.041297887,0.0009765530714285407,-0.11532552199999999,A,76,76
76,S,I,SGE,-0.789885622,0.0009765530714285407,-0.11532552199999999,A,76,76
76,S,G,SGE,0.8449911859999999,0.0009765530714285407,-0.11532552199999999,A,76,76
76,S,C,SGE,0.569152615,0.0009765530714285407,-0.11532552199999999,A,76,76
78,R,*,SGE,-2.2585200690000002,-0.6895827670000001,-0.5115063120000001,A,78,78
78,R,G,SGE,-0.5115063120000001,-0.6895827670000001,-0.5115063120000001,A,78,78
78,R,I,SGE,-0.631862977,-0.6895827670000001,-0.5115063120000001,A,78,78
78,R,K,SGE,-0.59275878,-0.6895827670000001,-0.5115063120000001,A,78,78
78,R,R,SGE,-0.3400756575,-0.6895827670000001,-0.5115063120000001,A,78,78
79,F,S,SGE,-0.648302225,-0.3914416784444445,-0.34687115283333336,A,79,79
79,F,Y,SGE,-0.129085695,-0.3914416784444445,-0.34687115283333336,A,79,79
81,Q,R,SGE,0.19807881100000002,-0.43789865568749986,-0.5049270065,A,81,81
71,R,W,SGE,-1.8205271809999999,-1.8155846355,-1.8205271809999999,A,71,71
72,S,G,SGE,0.136704722,-0.42413322471428566,-0.636930696,A,72,72
72,S,C,SGE,-0.63904338,-0.42413322471428566,-0.636930696,A,72,72
81,Q,*,SGE,-1.2954871909999999,-0.43789865568749986,-0.5049270065,A,81,81
71,R,T,SGE,-2.02887065,-1.8155846355,-1.8205271809999999,A,71,71
71,R,S,SGE,-2.444858267,-1.8155846355,-1.8205271809999999,A,71,71
71,R,R,SGE,-1.0550436125,-1.8155846355,-1.8205271809999999,A,71,71
71,R,M,SGE,-1.717736029,-1.8155846355,-1.8205271809999999,A,71,71
71,R,K,SGE,-2.149339119,-1.8155846355,-1.8205271809999999,A,71,71
81,Q,E,SGE,-0.964109618,-0.43789865568749986,-0.5049270065,A,81,81
81,Q,H,SGE,-1.0896202765,-0.43789865568749986,-0.5049270065,A,81,81
81,Q,K,SGE,-0.006917699999999999,-0.43789865568749986,-0.5049270065,A,81,81
81,Q,L,SGE,-0.37255491399999996,-0.43789865568749986,-0.5049270065,A,81,81
81,Q,P,SGE,-0.637299099,-0.43789865568749986,-0.5049270065,A,81,81
81,Q,Q,SGE,0.664720742,-0.43789865568749986,-0.5049270065,A,81,81
72,S,I,SGE,-1.013873924,-0.42413322471428566,-0.636930696,A,72,72
73,L,Q,SGE,-1.94479994,-1.1404262406499999,-0.652753445,A,73,73
74,Q,H,SGE,0.022160067000000006,-0.8726301090000002,-0.7349807970000001,A,74,74
74,Q,E,SGE,-0.6729321309999999,-0.8726301090000002,-0.7349807970000001,A,74,74
74,Q,*,SGE,-2.356019824,-0.8726301090000002,-0.7349807970000001,A,74,74
80,S,C,SGE,-0.217631403,-0.38309394380952383,-0.217631403,A,80,80
80,S,G,SGE,0.141974946,-0.38309394380952383,-0.217631403,A,80,80
80,S,I,SGE,-1.408656287,-0.38309394380952383,-0.217631403,A,80,80
73,L,V,SGE,-0.652753445,-1.1404262406499999,-0.652753445,A,73,73
73,L,R,SGE,-2.288564071,-1.1404262406499999,-0.652753445,A,73,73
73,L,P,SGE,-0.652277126,-1.1404262406499999,-0.652753445,A,73,73
72,S,N,SGE,-1.375164206,-0.42413322471428566,-0.636930696,A,72,72
80,S,N,SGE,-0.412347791,-0.38309394380952383,-0.217631403,A,80,80
80,S,R,SGE,-0.6940205076666667,-0.38309394380952383,-0.217631403,A,80,80
80,S,S,SGE,-0.022196179,-0.38309394380952383,-0.217631403,A,80,80
80,S,T,SGE,-0.068780385,-0.38309394380952383,-0.217631403,A,80,80
73,L,L,SGE,-0.16373662125000002,-1.1404262406499999,-0.652753445,A,73,73
72,S,T,SGE,0.14350775300000002,-0.42413322471428566,-0.636930696,A,72,72
72,S,S,SGE,0.41586715799999996,-0.42413322471428566,-0.636930696,A,72,72
72,S,R,SGE,-0.636930696,-0.42413322471428566,-0.636930696,A,72,72
65,K,*,SGE,-1.9169941469999998,-0.21864164774999997,-0.0107150125,A,65,65
77,T,K,SGE,-0.224951977,-0.33441178614285716,-0.480636069,A,77,77
63,L,L,SGE,0.23335520949999997,-0.3450821209999999,0.06534596200000001,A,63,63
63,L,I,SGE,0.393837055,-0.3450821209999999,0.06534596200000001,A,63,63
87,L,*,SGE,-1.97791548,-0.7575454868571428,-0.436587615,A,87,87
61,C,W,SGE,-2.512010638,-1.5596900265625,-1.6309414429999998,A,61,61
61,C,Y,SGE,-1.488518298,-1.5596900265625,-1.6309414429999998,A,61,61
89,I,N,SGE,-2.587206031,-0.5349890012499999,-0.29525741549999995,A,89,89
87,L,F,SGE,-1.1653099455,-0.7575454868571428,-0.436587615,A,87,87
59,S,L,SGE,-0.21669482,-0.45552883619444434,-0.059393421999999994,A,59,59
60,Q,R,SGE,0.17500653800000002,-0.1621960930625,0.017126846,A,60,60
59,S,A,SGE,0.122591621,-0.45552883619444434,-0.059393421999999994,A,59,59
90,I,L,SGE,-0.68881955,-0.35040652268749994,-0.23457003525,A,90,90
90,I,I,SGE,-0.2401945185,-0.35040652268749994,-0.23457003525,A,90,90
90,I,F,SGE,-0.225198812,-0.35040652268749994,-0.23457003525,A,90,90
60,Q,P,SGE,0.557264663,-0.1621960930625,0.017126846,A,60,60
60,Q,L,SGE,-0.040427194,-0.1621960930625,0.017126846,A,60,60
60,Q,K,SGE,-0.343854366,-0.1621960930625,0.017126846,A,60,60
59,S,*,SGE,-2.6528375415000003,-0.45552883619444434,-0.059393421999999994,A,59,59
89,I,L,SGE,-0.098323842,-0.5349890012499999,-0.29525741549999995,A,89,89
89,I,M,SGE,-0.275180331,-0.5349890012499999,-0.29525741549999995,A,89,89
88,K,Q,SGE,-0.40425896299999997,-0.5092677386428571,-0.20772300649999997,A,88,88
61,C,R,SGE,-1.327538227,-1.5596900265625,-1.6309414429999998,A,61,61
63,L,V,SGE,0.081514189,-0.3450821209999999,0.06534596200000001,A,63,63
63,L,S,SGE,0.049177735,-0.3450821209999999,0.06534596200000001,A,63,63
61,C,S,SGE,-1.9531513795,-1.5596900265625,-1.6309414429999998,A,61,61
87,L,L,SGE,-1.1732957295,-0.7575454868571428,-0.436587615,A,87,87
87,L,M,SGE,-0.436587615,-0.7575454868571428,-0.436587615,A,87,87
88,K,N,SGE,-0.20772300649999997,-0.5092677386428571,-0.20772300649999997,A,88,88
63,L,F,SGE,-0.389899537,-0.3450821209999999,0.06534596200000001,A,63,63
62,P,R,SGE,-0.73045277,-0.6213004397619049,-0.73045277,A,62,62
59,S,T,SGE,-0.007698412,-0.45552883619444434,-0.059393421999999994,A,59,59
62,P,P,SGE,0.09872035966666666,-0.6213004397619049,-0.73045277,A,62,62
62,P,L,SGE,-0.530946091,-0.6213004397619049,-0.73045277,A,62,62
89,I,V,SGE,-0.849261953,-0.5349890012499999,-0.29525741549999995,A,89,89
88,K,*,SGE,-2.315372909,-0.5092677386428571,-0.20772300649999997,A,88,88
62,P,H,SGE,-0.753698183,-0.6213004397619049,-0.73045277,A,62,62
62,P,A,SGE,-0.625469855,-0.6213004397619049,-0.73045277,A,62,62
59,S,S,SGE,0.13255456733333332,-0.45552883619444434,-0.059393421999999994,A,59,59
62,P,S,SGE,-0.739621387,-0.6213004397619049,-0.73045277,A,62,62
62,P,T,SGE,-1.067635152,-0.6213004397619049,-0.73045277,A,62,62
87,L,S,SGE,0.003656997,-0.7575454868571428,-0.436587615,A,87,87
63,L,*,SGE,-2.4384773775,-0.3450821209999999,0.06534596200000001,A,63,63
88,K,K,SGE,-0.555066745,-0.5092677386428571,-0.20772300649999997,A,88,88
89,I,S,SGE,-0.7681405259999999,-0.5349890012499999,-0.29525741549999995,A,89,89
60,Q,H,SGE,-0.32562173650000004,-0.1621960930625,0.017126846,A,60,60
60,Q,E,SGE,0.074680886,-0.1621960930625,0.017126846,A,60,60
60,Q,*,SGE,-1.64527533,-0.1621960930625,0.017126846,A,60,60
59,S,P,SGE,-0.11108843199999999,-0.45552883619444434,-0.059393421999999994,A,59,59
88,K,E,SGE,0.223227494,-0.5092677386428571,-0.20772300649999997,A,88,88
89,I,T,SGE,0.53056219,-0.5349890012499999,-0.29525741549999995,A,89,89
87,L,V,SGE,-0.334476342,-0.7575454868571428,-0.436587615,A,87,87
87,L,W,SGE,-0.218890293,-0.7575454868571428,-0.436587615,A,87,87
60,Q,Q,SGE,0.250657795,-0.1621960930625,0.017126846,A,60,60
89,I,I,SGE,0.082972983,-0.5349890012499999,-0.29525741549999995,A,89,89
86,L,R,SGE,-3.3301168,-1.1540251007083333,-0.5846772259999999,A,86,86
58,P,L,SGE,0.03365898,-0.25329832522222223,-0.015322243500000002,A,58,58
61,C,G,SGE,-1.738348139,-1.5596900265625,-1.6309414429999998,A,61,61
61,C,F,SGE,-1.9375190130000002,-1.5596900265625,-1.6309414429999998,A,61,61
61,C,C,SGE,0.0031002290000000004,-1.5596900265625,-1.6309414429999998,A,61,61
64,C,Y,SGE,-2.050298211,-1.6552937131874998,-1.647457856,A,64,64
58,P,T,SGE,-0.274594395,-0.25329832522222223,-0.015322243500000002,A,58,58
58,P,P,SGE,0.06191687466666668,-0.25329832522222223,-0.015322243500000002,A,58,58
61,C,*,SGE,-1.5235347469999998,-1.5596900265625,-1.6309414429999998,A,61,61
88,K,R,SGE,-0.194855836,-0.5092677386428571,-0.20772300649999997,A,88,88
64,C,F,SGE,-1.5894609469999998,-1.6552937131874998,-1.647457856,A,64,64
58,P,R,SGE,0.191628628,-0.25329832522222223,-0.015322243500000002,A,58,58
88,K,T,SGE,-0.110824205,-0.5092677386428571,-0.20772300649999997,A,88,88
64,C,G,SGE,-1.951135261,-1.6552937131874998,-1.647457856,A,64,64
64,C,R,SGE,-1.6911159969999998,-1.6552937131874998,-1.647457856,A,64,64
64,C,S,SGE,-2.7062877245,-1.6552937131874998,-1.647457856,A,64,64
86,L,Q,SGE,-0.563689704,-1.1540251007083333,-0.5846772259999999,A,86,86
64,C,W,SGE,-1.603799715,-1.6552937131874998,-1.647457856,A,64,64
90,I,N,SGE,-1.134469042,-0.35040652268749994,-0.23457003525,A,90,90
90,I,S,SGE,-0.270302363,-0.35040652268749994,-0.23457003525,A,90,90
86,L,I,SGE,-0.19991754899999997,-1.1540251007083333,-0.5846772259999999,A,86,86
90,I,M,SGE,-0.228945552,-0.35040652268749994,-0.23457003525,A,90,90
89,I,F,SGE,-0.31533449999999996,-0.5349890012499999,-0.29525741549999995,A,89,89
86,L,L,SGE,-0.22831614024999997,-1.1540251007083333,-0.5846772259999999,A,86,86
58,P,H,SGE,-1.4680965719999999,-0.25329832522222223,-0.015322243500000002,A,58,58
86,L,P,SGE,-1.996445663,-1.1540251007083333,-0.5846772259999999,A,86,86
90,I,T,SGE,0.056908253,-0.35040652268749994,-0.23457003525,A,90,90
58,P,A,SGE,-0.064303467,-0.25329832522222223,-0.015322243500000002,A,58,58
64,C,*,SGE,-1.5843494480000002,-1.6552937131874998,-1.647457856,A,64,64
64,C,C,SGE,-0.065902402,-1.6552937131874998,-1.647457856,A,64,64
86,L,V,SGE,-0.6056647479999999,-1.1540251007083333,-0.5846772259999999,A,86,86
1,M,I,CADD,27.200000000000003,25.85833333333333,25.975,A,1,1
71,R,G,CADD,23.5,24.71357142857143,23.9,A,71,71
69,T,T,CADD,9.858000000000002,23.376333333333335,25.9,A,69,69
70,K,*,CADD,36.0,25.884999999999998,26.200000000000003,A,70,70
70,K,E,CADD,26.3,25.884999999999998,26.200000000000003,A,70,70
70,K,I,CADD,29.3,25.884999999999998,26.200000000000003,A,70,70
70,K,K,CADD,13.58,25.884999999999998,26.200000000000003,A,70,70
70,K,N,CADD,25.700000000000003,25.884999999999998,26.200000000000003,A,70,70
70,K,Q,CADD,26.1,25.884999999999998,26.200000000000003,A,70,70
70,K,R,CADD,23.1,25.884999999999998,26.200000000000003,A,70,70
70,K,T,CADD,27.0,25.884999999999998,26.200000000000003,A,70,70
71,R,K,CADD,24.3,24.71357142857143,23.9,A,71,71
72,S,S,CADD,13.66,24.465714285714284,25.0,A,72,72
71,R,M,CADD,29.7,24.71357142857143,23.9,A,71,71
71,R,R,CADD,16.545,24.71357142857143,23.9,A,71,71
71,R,S,CADD,23.049999999999997,24.71357142857143,23.9,A,71,71
71,R,T,CADD,23.9,24.71357142857143,23.9,A,71,71
71,R,W,CADD,32.0,24.71357142857143,23.9,A,71,71
72,S,C,CADD,25.0,24.465714285714284,25.0,A,72,72
72,S,G,CADD,24.3,24.465714285714284,25.0,A,72,72
72,S,I,CADD,31.0,24.465714285714284,25.0,A,72,72
72,S,N,CADD,24.2,24.465714285714284,25.0,A,72,72
69,T,S,CADD,25.6,23.376333333333335,25.9,A,69,69
69,T,P,CADD,26.7,23.376333333333335,25.9,A,69,69
69,T,N,CADD,26.2,23.376333333333335,25.9,A,69,69
69,T,I,CADD,27.1,23.376333333333335,25.9,A,69,69
66,N,S,CADD,12.77,21.660375,24.174999999999997,A,66,66
66,N,T,CADD,22.9,21.660375,24.174999999999997,A,66,66
66,N,Y,CADD,28.5,21.660375,24.174999999999997,A,66,66
67,D,A,CADD,21.2,15.8116875,17.130000000000003,A,67,67
67,D,D,CADD,6.31,15.8116875,17.130000000000003,A,67,67
67,D,E,CADD,7.2035,15.8116875,17.130000000000003,A,67,67
67,D,G,CADD,21.1,15.8116875,17.130000000000003,A,67,67
67,D,H,CADD,14.32,15.8116875,17.130000000000003,A,67,67
67,D,N,CADD,15.96,15.8116875,17.130000000000003,A,67,67
67,D,V,CADD,22.1,15.8116875,17.130000000000003,A,67,67
67,D,Y,CADD,18.3,15.8116875,17.130000000000003,A,67,67
68,I,I,CADD,13.559999999999999,21.25242857142857,23.5,A,68,68
68,I,K,CADD,27.8,21.25242857142857,23.5,A,68,68
68,I,L,CADD,23.45,21.25242857142857,23.5,A,68,68
68,I,M,CADD,24.9,21.25242857142857,23.5,A,68,68
68,I,R,CADD,26.0,21.25242857142857,23.5,A,68,68
68,I,T,CADD,23.5,21.25242857142857,23.5,A,68,68
68,I,V,CADD,9.557,21.25242857142857,23.5,A,68,68
69,T,A,CADD,24.8,23.376333333333335,25.9,A,69,69
72,S,R,CADD,26.0,24.465714285714284,25.0,A,72,72
72,S,T,CADD,27.1,24.465714285714284,25.0,A,72,72
66,N,K,CADD,24.95,21.660375,24.174999999999997,A,66,66
78,R,*,CADD,36.0,27.26214285714286,28.2,A,78,78
76,S,S,CADD,10.5,24.592857142857138,26.2,A,76,76
76,S,T,CADD,23.7,24.592857142857138,26.2,A,76,76
77,T,A,CADD,23.3,25.207142857142856,23.4,A,77,77
77,T,K,CADD,32.0,25.207142857142856,23.4,A,77,77
77,T,M,CADD,32.0,25.207142857142856,23.4,A,77,77
77,T,P,CADD,23.4,25.207142857142856,23.4,A,77,77
77,T,R,CADD,24.4,25.207142857142856,23.4,A,77,77
77,T,S,CADD,23.2,25.207142857142856,23.4,A,77,77
77,T,T,CADD,18.15,25.207142857142856,23.4,A,77,77
78,R,G,CADD,26.7,27.26214285714286,28.2,A,78,78
73,L,L,CADD,10.10275,22.58055,24.0,A,73,73
78,R,I,CADD,33.0,27.26214285714286,28.2,A,78,78
78,R,K,CADD,29.6,27.26214285714286,28.2,A,78,78
78,R,R,CADD,9.735,27.26214285714286,28.2,A,78,78
78,R,S,CADD,27.6,27.26214285714286,28.2,A,78,78
78,R,T,CADD,28.2,27.26214285714286,28.2,A,78,78
79,F,C,CADD,26.9,24.245555555555555,27.15,A,79,79
79,F,F,CADD,11.24,24.245555555555555,27.15,A,79,79
79,F,L,CADD,27.833333333333332,24.245555555555555,27.15,A,79,79
79,F,S,CADD,24.7,24.245555555555555,27.15,A,79,79
76,S,R,CADD,27.65,24.592857142857138,26.2,A,76,76
76,S,N,CADD,24.2,24.592857142857138,26.2,A,76,76
76,S,I,CADD,32.0,24.592857142857138,26.2,A,76,76
76,S,G,CADD,26.2,24.592857142857138,26.2,A,76,76
73,L,P,CADD,28.3,22.58055,24.0,A,73,73
73,L,Q,CADD,24.0,22.58055,24.0,A,73,73
73,L,R,CADD,27.6,22.58055,24.0,A,73,73
73,L,V,CADD,22.9,22.58055,24.0,A,73,73
74,Q,*,CADD,36.0,25.857142857142858,24.2,A,74,74
74,Q,E,CADD,22.2,25.857142857142858,24.2,A,74,74
74,Q,H,CADD,24.2,25.857142857142858,24.2,A,74,74
74,Q,K,CADD,23.3,25.857142857142858,24.2,A,74,74
74,Q,L,CADD,26.8,25.857142857142858,24.2,A,74,74
74,Q,P,CADD,25.4,25.857142857142858,24.2,A,74,74
74,Q,R,CADD,23.1,25.857142857142858,24.2,A,74,74
75,E,*,CADD,37.0,25.691714285714284,26.3,A,75,75
75,E,A,CADD,26.3,25.691714285714284,26.3,A,75,75
75,E,D,CADD,25.9,25.691714285714284,26.3,A,75,75
75,E,E,CADD,5.242000000000001,25.691714285714284,26.3,A,75,75
75,E,G,CADD,24.3,25.691714285714284,26.3,A,75,75
75,E,K,CADD,33.0,25.691714285714284,26.3,A,75,75
75,E,Q,CADD,28.1,25.691714285714284,26.3,A,75,75
76,S,C,CADD,27.9,24.592857142857138,26.2,A,76,76
66,N,N,CADD,8.463,21.660375,24.174999999999997,A,66,66
66,N,I,CADD,26.5,21.660375,24.174999999999997,A,66,66
79,F,Y,CADD,27.4,24.245555555555555,27.15,A,79,79
58,P,A,CADD,12.35,18.77138888888889,22.95,A,58,58
56,K,I,CADD,27.0,23.611874999999998,25.65,A,56,56
56,K,K,CADD,1.645,23.611874999999998,25.65,A,56,56
56,K,N,CADD,24.75,23.611874999999998,25.65,A,56,56
56,K,Q,CADD,25.7,23.611874999999998,25.65,A,56,56
56,K,R,CADD,22.5,23.611874999999998,25.65,A,56,56
56,K,T,CADD,25.6,23.611874999999998,25.65,A,56,56
57,G,A,CADD,25.2,27.566666666666666,27.7,A,57,57
57,G,R,CADD,29.8,27.566666666666666,27.7,A,57,57
57,G,V,CADD,27.7,27.566666666666666,27.7,A,57,57
58,P,H,CADD,25.1,18.77138888888889,22.95,A,58,58
60,Q,*,CADD,36.0,24.852500000000003,25.175,A,60,60
58,P,L,CADD,23.0,18.77138888888889,22.95,A,58,58
58,P,P,CADD,4.578333333333334,18.77138888888889,22.95,A,58,58
58,P,R,CADD,24.7,18.77138888888889,22.95,A,58,58
58,P,T,CADD,22.9,18.77138888888889,22.95,A,58,58
59,S,*,CADD,37.0,22.769555555555556,23.15,A,59,59
59,S,A,CADD,17.47,22.769555555555556,23.15,A,59,59
59,S,L,CADD,23.0,22.769555555555556,23.15,A,59,59
59,S,P,CADD,26.9,22.769555555555556,23.15,A,59,59
59,S,S,CADD,8.947333333333333,22.769555555555556,23.15,A,59,59
56,K,E,CADD,25.7,23.611874999999998,25.65,A,56,56
56,K,*,CADD,36.0,23.611874999999998,25.65,A,56,56
55,K,T,CADD,24.8,24.169999999999998,25.450000000000003,A,55,55
55,K,R,CADD,14.13,24.169999999999998,25.450000000000003,A,55,55
53,N,K,CADD,25.549999999999997,21.486499999999996,23.7,A,53,53
53,N,N,CADD,8.762,21.486499999999996,23.7,A,53,53
53,N,S,CADD,17.68,21.486499999999996,23.7,A,53,53
53,N,T,CADD,23.7,21.486499999999996,23.7,A,53,53
53,N,Y,CADD,24.7,21.486499999999996,23.7,A,53,53
54,Q,*,CADD,35.0,22.55625,22.5,A,54,54
54,Q,E,CADD,21.7,22.55625,22.5,A,54,54
54,Q,H,CADD,21.9,22.55625,22.5,A,54,54
54,Q,K,CADD,13.64,22.55625,22.5,A,54,54
54,Q,L,CADD,26.3,22.55625,22.5,A,54,54
54,Q,P,CADD,25.6,22.55625,22.5,A,54,54
54,Q,Q,CADD,13.21,22.55625,22.5,A,54,54
54,Q,R,CADD,23.1,22.55625,22.5,A,54,54
55,K,*,CADD,36.0,24.169999999999998,25.450000000000003,A,55,55
55,K,E,CADD,25.3,24.169999999999998,25.450000000000003,A,55,55
55,K,K,CADD,14.48,24.169999999999998,25.450000000000003,A,55,55
55,K,M,CADD,25.8,24.169999999999998,25.450000000000003,A,55,55
55,K,N,CADD,27.25,24.169999999999998,25.450000000000003,A,55,55
55,K,Q,CADD,25.6,24.169999999999998,25.450000000000003,A,55,55
59,S,T,CADD,23.3,22.769555555555556,23.15,A,59,59
60,Q,E,CADD,23.2,24.852500000000003,25.175,A,60,60
66,N,H,CADD,25.8,21.660375,24.174999999999997,A,66,66
64,C,W,CADD,27.0,26.09175,26.6,A,64,64
63,L,L,CADD,7.708500000000001,24.501416666666668,25.3,A,63,63
63,L,S,CADD,26.6,24.501416666666668,25.3,A,63,63
63,L,V,CADD,23.6,24.501416666666668,25.3,A,63,63
64,C,*,CADD,36.0,26.09175,26.6,A,64,64
64,C,C,CADD,8.434,26.09175,26.6,A,64,64
64,C,F,CADD,32.0,26.09175,26.6,A,64,64
64,C,G,CADD,25.0,26.09175,26.6,A,64,64
64,C,R,CADD,26.2,26.09175,26.6,A,64,64
64,C,S,CADD,25.8,26.09175,26.6,A,64,64
64,C,Y,CADD,28.3,26.09175,26.6,A,64,64
60,Q,H,CADD,24.85,24.852500000000003,25.175,A,60,60
65,K,*,CADD,38.0,26.513749999999998,27.15,A,65,65
65,K,E,CADD,27.2,26.513749999999998,27.15,A,65,65
65,K,K,CADD,15.76,26.513749999999998,27.15,A,65,65
65,K,M,CADD,28.6,26.513749999999998,27.15,A,65,65
65,K,N,CADD,24.95,26.513749999999998,27.15,A,65,65
65,K,Q,CADD,27.3,26.513749999999998,27.15,A,65,65
65,K,R,CADD,23.2,26.513749999999998,27.15,A,65,65
65,K,T,CADD,27.1,26.513749999999998,27.15,A,65,65
66,N,D,CADD,23.4,21.660375,24.174999999999997,A,66,66
63,L,I,CADD,24.6,24.501416666666668,25.3,A,63,63
63,L,F,CADD,26.0,24.501416666666668,25.3,A,63,63
63,L,*,CADD,38.5,24.501416666666668,25.3,A,63,63
62,P,T,CADD,25.8,22.33404761904762,25.8,A,62,62
60,Q,K,CADD,26.0,24.852500000000003,25.175,A,60,60
60,Q,L,CADD,24.6,24.852500000000003,25.175,A,60,60
60,Q,P,CADD,26.3,24.852500000000003,25.175,A,60,60
60,Q,Q,CADD,12.37,24.852500000000003,25.175,A,60,60
60,Q,R,CADD,25.5,24.852500000000003,25.175,A,60,60
61,C,*,CADD,36.0,25.807624999999998,26.05,A,61,61
61,C,C,CADD,8.761000000000001,25.807624999999998,26.05,A,61,61
61,C,F,CADD,31.0,25.807624999999998,26.05,A,61,61
61,C,G,CADD,24.5,25.807624999999998,26.05,A,61,61
61,C,R,CADD,25.6,25.807624999999998,26.05,A,61,61
61,C,S,CADD,25.6,25.807624999999998,26.05,A,61,61
61,C,W,CADD,26.5,25.807624999999998,26.05,A,61,61
61,C,Y,CADD,28.5,25.807624999999998,26.05,A,61,61
62,P,A,CADD,24.4,22.33404761904762,25.8,A,62,62
62,P,H,CADD,26.6,22.33404761904762,25.8,A,62,62
62,P,L,CADD,24.2,22.33404761904762,25.8,A,62,62
62,P,P,CADD,2.5383333333333336,22.33404761904762,25.8,A,62,62
62,P,R,CADD,26.0,22.33404761904762,25.8,A,62,62
62,P,S,CADD,26.8,22.33404761904762,25.8,A,62,62
79,F,V,CADD,27.4,24.245555555555555,27.15,A,79,79
80,S,C,CADD,26.4,23.833809523809524,25.9,A,80,80
97,T,P,CADD,25.8,23.25114285714286,25.8,A,97,97
96,D,E,CADD,26.2,26.063374999999997,27.549999999999997,A,96,96
96,D,G,CADD,27.1,26.063374999999997,27.549999999999997,A,96,96
96,D,H,CADD,28.0,26.063374999999997,27.549999999999997,A,96,96
96,D,N,CADD,32.0,26.063374999999997,27.549999999999997,A,96,96
96,D,V,CADD,27.7,26.063374999999997,27.549999999999997,A,96,96
96,D,Y,CADD,31.0,26.063374999999997,27.549999999999997,A,96,96
97,T,A,CADD,24.4,23.25114285714286,25.8,A,97,97
97,T,I,CADD,26.4,23.25114285714286,25.8,A,97,97
97,T,K,CADD,27.6,23.25114285714286,25.8,A,97,97
97,T,R,CADD,26.2,23.25114285714286,25.8,A,97,97
99,L,V,CADD,17.97,11.7595,11.7595,A,99,99
97,T,S,CADD,23.6,23.25114285714286,25.8,A,97,97
97,T,T,CADD,8.758000000000001,23.25114285714286,25.8,A,97,97
98,G,A,CADD,26.3,24.322476190476188,27.8,A,98,98
98,G,C,CADD,29.8,24.322476190476188,27.8,A,98,98
98,G,D,CADD,28.8,24.322476190476188,27.8,A,98,98
98,G,G,CADD,1.3573333333333333,24.322476190476188,27.8,A,98,98
98,G,R,CADD,27.8,24.322476190476188,27.8,A,98,98
98,G,S,CADD,25.2,24.322476190476188,27.8,A,98,98
98,G,V,CADD,31.0,24.322476190476188,27.8,A,98,98
96,D,D,CADD,9.107000000000001,26.063374999999997,27.549999999999997,A,96,96
96,D,A,CADD,27.4,26.063374999999997,27.549999999999997,A,96,96
95,L,V,CADD,25.9,23.80752380952381,27.6,A,95,95
95,L,R,CADD,27.7,23.80752380952381,27.6,A,95,95
93,F,F,CADD,8.844,24.206285714285716,26.6,A,93,93
93,F,I,CADD,26.6,24.206285714285716,26.6,A,93,93
93,F,L,CADD,26.7,24.206285714285716,26.6,A,93,93
93,F,S,CADD,28.3,24.206285714285716,26.6,A,93,93
93,F,V,CADD,25.8,24.206285714285716,26.6,A,93,93
93,F,Y,CADD,26.8,24.206285714285716,26.6,A,93,93
94,Q,*,CADD,35.0,20.004625,22.7,A,94,94
94,Q,E,CADD,0.857,20.004625,22.7,A,94,94
94,Q,H,CADD,21.5,20.004625,22.7,A,94,94
94,Q,K,CADD,22.5,20.004625,22.7,A,94,94
94,Q,L,CADD,23.7,20.004625,22.7,A,94,94
94,Q,P,CADD,23.2,20.004625,22.7,A,94,94
94,Q,Q,CADD,10.38,20.004625,22.7,A,94,94
94,Q,R,CADD,22.9,20.004625,22.7,A,94,94
95,L,F,CADD,28.3,23.80752380952381,27.6,A,95,95
95,L,H,CADD,27.6,23.80752380952381,27.6,A,95,95
95,L,I,CADD,24.2,23.80752380952381,27.6,A,95,95
95,L,L,CADD,4.552666666666667,23.80752380952381,27.6,A,95,95
95,L,P,CADD,28.4,23.80752380952381,27.6,A,95,95
99,L,L,CADD,5.5489999999999995,11.7595,11.7595,A,99,99
100,E,*,CADD,35.0,24.143333333333334,22.85,A,100,100
92,A,V,CADD,29.1,24.97995238095238,28.4,A,92,92
100,E,D,CADD,22.85,24.143333333333334,22.85,A,100,100
100,E,E,CADD,14.58,24.143333333333334,22.85,A,100,100
101,Y,D,CADD,18.11,18.155,18.155,A,101,101
101,Y,N,CADD,18.2,18.155,18.155,A,101,101
93,F,C,CADD,26.4,24.206285714285716,26.6,A,93,93
92,A,T,CADD,31.0,24.97995238095238,28.4,A,92,92
80,S,G,CADD,23.4,23.833809523809524,25.9,A,80,80
84,E,Q,CADD,26.8,26.013375,27.65,A,84,84
83,V,I,CADD,24.3,23.33288888888889,26.25,A,83,83
83,V,L,CADD,27.1,23.33288888888889,26.25,A,83,83
83,V,V,CADD,4.897333333333333,23.33288888888889,26.25,A,83,83
84,E,*,CADD,36.0,26.013375,27.65,A,84,84
84,E,A,CADD,27.4,26.013375,27.65,A,84,84
84,E,D,CADD,25.75,26.013375,27.65,A,84,84
84,E,E,CADD,2.657,26.013375,27.65,A,84,84
84,E,G,CADD,27.9,26.013375,27.65,A,84,84
84,E,K,CADD,32.0,26.013375,27.65,A,84,84
84,E,V,CADD,29.6,26.013375,27.65,A,84,84
86,L,P,CADD,26.7,23.718125,26.1,A,86,86
85,E,*,CADD,36.0,24.814999999999998,25.5,A,85,85
85,E,A,CADD,23.8,24.814999999999998,25.5,A,85,85
85,E,D,CADD,23.15,24.814999999999998,25.5,A,85,85
85,E,E,CADD,11.67,24.814999999999998,25.5,A,85,85
85,E,G,CADD,17.3,24.814999999999998,25.5,A,85,85
85,E,K,CADD,32.0,24.814999999999998,25.5,A,85,85
85,E,Q,CADD,27.2,24.814999999999998,25.5,A,85,85
85,E,V,CADD,27.4,24.814999999999998,25.5,A,85,85
86,L,I,CADD,26.0,23.718125,26.1,A,86,86
83,V,G,CADD,25.4,23.33288888888889,26.25,A,83,83
83,V,F,CADD,31.0,23.33288888888889,26.25,A,83,83
83,V,D,CADD,27.3,23.33288888888889,26.25,A,83,83
82,L,V,CADD,23.4,23.219761904761906,27.2,A,82,82
80,S,I,CADD,29.6,23.833809523809524,25.9,A,80,80
80,S,N,CADD,24.1,23.833809523809524,25.9,A,80,80
80,S,R,CADD,26.066666666666666,23.833809523809524,25.9,A,80,80
80,S,S,CADD,11.37,23.833809523809524,25.9,A,80,80
80,S,T,CADD,25.9,23.833809523809524,25.9,A,80,80
81,Q,*,CADD,35.0,23.538125,24.975,A,81,81
81,Q,E,CADD,24.4,23.538125,24.975,A,81,81
81,Q,H,CADD,24.65,23.538125,24.975,A,81,81
81,Q,K,CADD,25.6,23.538125,24.975,A,81,81
81,Q,L,CADD,23.8,23.538125,24.975,A,81,81
81,Q,P,CADD,26.2,23.538125,24.975,A,81,81
81,Q,Q,CADD,3.355,23.538125,24.975,A,81,81
81,Q,R,CADD,25.3,23.538125,24.975,A,81,81
82,L,F,CADD,27.9,23.219761904761906,27.2,A,82,82
82,L,H,CADD,27.2,23.219761904761906,27.2,A,82,82
82,L,I,CADD,27.0,23.219761904761906,27.2,A,82,82
82,L,L,CADD,1.8383333333333336,23.219761904761906,27.2,A,82,82
82,L,P,CADD,27.9,23.219761904761906,27.2,A,82,82
82,L,R,CADD,27.3,23.219761904761906,27.2,A,82,82
86,L,L,CADD,12.30875,23.718125,26.1,A,86,86
86,L,Q,CADD,26.2,23.718125,26.1,A,86,86
92,A,S,CADD,29.0,24.97995238095238,28.4,A,92,92
91,C,C,CADD,3.4360000000000004,14.8628125,12.2515,A,91,91
90,I,F,CADD,29.1,23.798624999999998,26.5,A,90,90
90,I,I,CADD,5.0889999999999995,23.798624999999998,26.5,A,90,90
90,I,L,CADD,27.3,23.798624999999998,26.5,A,90,90
90,I,M,CADD,23.8,23.798624999999998,26.5,A,90,90
90,I,N,CADD,27.4,23.798624999999998,26.5,A,90,90
90,I,S,CADD,27.3,23.798624999999998,26.5,A,90,90
90,I,T,CADD,25.7,23.798624999999998,26.5,A,90,90
90,I,V,CADD,24.7,23.798624999999998,26.5,A,90,90
91,C,*,CADD,35.0,14.8628125,12.2515,A,91,91
91,C,F,CADD,22.9,14.8628125,12.2515,A,91,91
86,L,R,CADD,26.3,23.718125,26.1,A,86,86
91,C,G,CADD,6.111000000000001,14.8628125,12.2515,A,91,91
91,C,R,CADD,9.783,14.8628125,12.2515,A,91,91
91,C,S,CADD,5.5525,14.8628125,12.2515,A,91,91
91,C,W,CADD,21.4,14.8628125,12.2515,A,91,91
91,C,Y,CADD,14.72,14.8628125,12.2515,A,91,91
92,A,A,CADD,1.959666666666667,24.97995238095238,28.4,A,92,92
92,A,D,CADD,28.4,24.97995238095238,28.4,A,92,92
92,A,G,CADD,27.0,24.97995238095238,28.4,A,92,92
92,A,P,CADD,28.4,24.97995238095238,28.4,A,92,92
89,I,V,CADD,22.5,21.469375,23.25,A,89,89
89,I,T,CADD,16.22,21.469375,23.25,A,89,89
89,I,S,CADD,25.8,21.469375,23.25,A,89,89
89,I,N,CADD,26.0,21.469375,23.25,A,89,89
86,L,V,CADD,24.8,23.718125,26.1,A,86,86
87,L,*,CADD,36.0,24.879285714285714,25.1,A,87,87
87,L,F,CADD,27.65,24.879285714285714,25.1,A,87,87
87,L,L,CADD,11.505,24.879285714285714,25.1,A,87,87
87,L,M,CADD,24.2,24.879285714285714,25.1,A,87,87
87,L,S,CADD,25.9,24.879285714285714,25.1,A,87,87
87,L,V,CADD,23.8,24.879285714285714,25.1,A,87,87
87,L,W,CADD,25.1,24.879285714285714,25.1,A,87,87
88,K,*,CADD,35.0,22.05385714285714,23.1,A,88,88
88,K,E,CADD,22.9,22.05385714285714,23.1,A,88,88
88,K,K,CADD,9.147,22.05385714285714,23.1,A,88,88
88,K,N,CADD,23.1,22.05385714285714,23.1,A,88,88
88,K,Q,CADD,25.0,22.05385714285714,23.1,A,88,88
88,K,R,CADD,14.23,22.05385714285714,23.1,A,88,88
88,K,T,CADD,25.0,22.05385714285714,23.1,A,88,88
89,I,F,CADD,27.6,21.469375,23.25,A,89,89
89,I,I,CADD,13.525,21.469375,23.25,A,89,89
89,I,L,CADD,24.0,21.469375,23.25,A,89,89
89,I,M,CADD,16.11,21.469375,23.25,A,89,89
53,N,I,CADD,25.0,21.486499999999996,23.7,A,53,53
53,N,H,CADD,23.7,21.486499999999996,23.7,A,53,53
53,N,D,CADD,22.8,21.486499999999996,23.7,A,53,53
18,M,V,CADD,23.8,25.594444444444445,25.700000000000003,A,18,18
17,A,P,CADD,27.1,20.67442857142857,23.8,A,17,17
17,A,S,CADD,24.2,20.67442857142857,23.8,A,17,17
17,A,T,CADD,24.6,20.67442857142857,23.8,A,17,17
17,A,V,CADD,23.7,20.67442857142857,23.8,A,17,17
18,M,I,CADD,27.066666666666663,25.594444444444445,25.700000000000003,A,18,18
18,M,K,CADD,26.3,25.594444444444445,25.700000000000003,A,18,18
18,M,L,CADD,25.700000000000003,25.594444444444445,25.700000000000003,A,18,18
18,M,R,CADD,25.7,25.594444444444445,25.700000000000003,A,18,18
18,M,T,CADD,25.0,25.594444444444445,25.700000000000003,A,18,18
19,Q,*,CADD,35.0,24.486250000000002,24.6,A,19,19
20,K,K,CADD,10.14,25.523750000000003,26.05,A,20,20
19,Q,E,CADD,24.3,24.486250000000002,24.6,A,19,19
19,Q,H,CADD,23.35,24.486250000000002,24.6,A,19,19
19,Q,K,CADD,25.5,24.486250000000002,24.6,A,19,19
19,Q,L,CADD,23.8,24.486250000000002,24.6,A,19,19
19,Q,P,CADD,25.7,24.486250000000002,24.6,A,19,19
19,Q,Q,CADD,13.34,24.486250000000002,24.6,A,19,19
19,Q,R,CADD,24.9,24.486250000000002,24.6,A,19,19
20,K,*,CADD,35.0,25.523750000000003,26.05,A,20,20
20,K,E,CADD,25.8,25.523750000000003,26.05,A,20,20
17,A,G,CADD,19.2,20.67442857142857,23.8,A,17,17
17,A,D,CADD,23.8,20.67442857142857,23.8,A,17,17
17,A,A,CADD,2.121,20.67442857142857,23.8,A,17,17
16,N,Y,CADD,25.9,19.889499999999998,22.9,A,16,16
14,V,G,CADD,25.4,23.405809523809527,25.4,A,14,14
14,V,I,CADD,23.4,23.405809523809527,25.4,A,14,14
14,V,L,CADD,23.4,23.405809523809527,25.4,A,14,14
14,V,V,CADD,11.140666666666666,23.405809523809527,25.4,A,14,14
15,I,F,CADD,23.0,18.0751875,20.425,A,15,15
15,I,I,CADD,9.4755,18.0751875,20.425,A,15,15
15,I,L,CADD,7.246,18.0751875,20.425,A,15,15
15,I,M,CADD,17.85,18.0751875,20.425,A,15,15
15,I,N,CADD,23.7,18.0751875,20.425,A,15,15
15,I,S,CADD,23.6,18.0751875,20.425,A,15,15
15,I,T,CADD,23.0,18.0751875,20.425,A,15,15
15,I,V,CADD,16.73,18.0751875,20.425,A,15,15
16,N,D,CADD,23.0,19.889499999999998,22.9,A,16,16
16,N,H,CADD,22.8,19.889499999999998,22.9,A,16,16
16,N,I,CADD,22.4,19.889499999999998,22.9,A,16,16
16,N,K,CADD,23.55,19.889499999999998,22.9,A,16,16
16,N,N,CADD,8.625,19.889499999999998,22.9,A,16,16
16,N,S,CADD,9.841000000000001,19.889499999999998,22.9,A,16,16
16,N,T,CADD,23.0,19.889499999999998,22.9,A,16,16
20,K,I,CADD,28.5,25.523750000000003,26.05,A,20,20
20,K,N,CADD,28.049999999999997,25.523750000000003,26.05,A,20,20
14,V,D,CADD,27.2,23.405809523809527,25.4,A,14,14
25,P,A,CADD,24.2,25.32,25.0,A,25,25
23,E,V,CADD,28.9,27.285,27.15,A,23,23
24,C,*,CADD,35.0,24.478375000000003,25.200000000000003,A,24,24
24,C,C,CADD,5.6770000000000005,24.478375000000003,25.200000000000003,A,24,24
24,C,F,CADD,28.6,24.478375000000003,25.200000000000003,A,24,24
24,C,G,CADD,24.1,24.478375000000003,25.200000000000003,A,24,24
24,C,R,CADD,25.1,24.478375000000003,25.200000000000003,A,24,24
24,C,S,CADD,24.950000000000003,24.478375000000003,25.200000000000003,A,24,24
24,C,W,CADD,25.3,24.478375000000003,25.200000000000003,A,24,24
24,C,Y,CADD,27.1,24.478375000000003,25.200000000000003,A,24,24
25,P,L,CADD,26.8,25.32,25.0,A,25,25
20,K,Q,CADD,25.0,25.523750000000003,26.05,A,20,20
25,P,R,CADD,25.0,25.32,25.0,A,25,25
25,P,S,CADD,25.6,25.32,25.0,A,25,25
25,P,T,CADD,25.0,25.32,25.0,A,25,25
26,I,I,CADD,15.555,22.267857142857142,24.8,A,26,26
26,I,L,CADD,26.3,22.267857142857142,24.8,A,26,26
26,I,M,CADD,23.9,22.267857142857142,24.8,A,26,26
26,I,N,CADD,26.0,22.267857142857142,24.8,A,26,26
26,I,S,CADD,25.8,22.267857142857142,24.8,A,26,26
26,I,T,CADD,24.8,22.267857142857142,24.8,A,26,26
23,E,Q,CADD,26.6,27.285,27.15,A,23,23
23,E,K,CADD,32.0,27.285,27.15,A,23,23
23,E,G,CADD,26.9,27.285,27.15,A,23,23
23,E,E,CADD,14.18,27.285,27.15,A,23,23
20,K,R,CADD,25.4,25.523750000000003,26.05,A,20,20
20,K,T,CADD,26.3,25.523750000000003,26.05,A,20,20
21,I,F,CADD,26.8,22.809375000000003,24.65,A,21,21
21,I,I,CADD,13.675,22.809375000000003,24.65,A,21,21
21,I,L,CADD,23.9,22.809375000000003,24.65,A,21,21
21,I,M,CADD,25.4,22.809375000000003,24.65,A,21,21
21,I,N,CADD,20.9,22.809375000000003,24.65,A,21,21
21,I,S,CADD,26.1,22.809375000000003,24.65,A,21,21
21,I,T,CADD,25.4,22.809375000000003,24.65,A,21,21
21,I,V,CADD,20.3,22.809375000000003,24.65,A,21,21
22,L,*,CADD,36.5,24.41775,25.35,A,22,22
22,L,F,CADD,25.200000000000003,24.41775,25.35,A,22,22
22,L,I,CADD,25.5,24.41775,25.35,A,22,22
22,L,L,CADD,7.406499999999999,24.41775,25.35,A,22,22
22,L,S,CADD,27.1,24.41775,25.35,A,22,22
22,L,V,CADD,24.8,24.41775,25.35,A,22,22
23,E,*,CADD,36.0,27.285,27.15,A,23,23
23,E,A,CADD,26.3,27.285,27.15,A,23,23
23,E,D,CADD,27.4,27.285,27.15,A,23,23
14,V,F,CADD,27.5,23.405809523809527,25.4,A,14,14
14,V,A,CADD,25.8,23.405809523809527,25.4,A,14,14
52,L,V,CADD,26.5,23.992047619047618,26.5,A,52,52
6,L,F,CADD,16.94,10.542904761904762,16.94,A,6,6
4,S,T,CADD,24.2,21.02190476190476,24.2,A,4,4
4,S,Y,CADD,25.4,21.02190476190476,24.2,A,4,4
5,A,A,CADD,0.7866666666666666,16.35238095238095,19.75,A,5,5
5,A,D,CADD,24.0,16.35238095238095,19.75,A,5,5
5,A,G,CADD,11.56,16.35238095238095,19.75,A,5,5
5,A,P,CADD,24.8,16.35238095238095,19.75,A,5,5
5,A,S,CADD,23.0,16.35238095238095,19.75,A,5,5
5,A,T,CADD,19.75,16.35238095238095,19.75,A,5,5
5,A,V,CADD,10.57,16.35238095238095,19.75,A,5,5
6,L,H,CADD,17.51,10.542904761904762,16.94,A,6,6
7,R,R,CADD,12.1,19.48714285714286,21.1,A,7,7
6,L,I,CADD,1.3,10.542904761904762,16.94,A,6,6
6,L,L,CADD,2.5613333333333332,10.542904761904762,16.94,A,6,6
6,L,P,CADD,18.29,10.542904761904762,16.94,A,6,6
6,L,R,CADD,17.19,10.542904761904762,16.94,A,6,6
6,L,V,CADD,0.009000000000000001,10.542904761904762,16.94,A,6,6
7,R,C,CADD,26.1,19.48714285714286,21.1,A,7,7
7,R,G,CADD,22.6,19.48714285714286,21.1,A,7,7
7,R,H,CADD,11.31,19.48714285714286,21.1,A,7,7
7,R,L,CADD,21.1,19.48714285714286,21.1,A,7,7
4,S,S,CADD,6.213333333333334,21.02190476190476,24.2,A,4,4
4,S,P,CADD,18.44,21.02190476190476,24.2,A,4,4
4,S,F,CADD,25.8,21.02190476190476,24.2,A,4,4
4,S,C,CADD,24.8,21.02190476190476,24.2,A,4,4
1,M,L,CADD,26.35,25.85833333333333,25.975,A,1,1
1,M,R,CADD,25.6,25.85833333333333,25.975,A,1,1
1,M,T,CADD,25.0,25.85833333333333,25.975,A,1,1
1,M,V,CADD,24.2,25.85833333333333,25.975,A,1,1
2,D,A,CADD,26.9,24.894374999999997,26.9,A,2,2
2,D,D,CADD,6.355,24.894374999999997,26.9,A,2,2
2,D,E,CADD,25.7,24.894374999999997,26.9,A,2,2
2,D,G,CADD,26.8,24.894374999999997,26.9,A,2,2
2,D,H,CADD,26.9,24.894374999999997,26.9,A,2,2
2,D,N,CADD,29.1,24.894374999999997,26.9,A,2,2
2,D,V,CADD,28.2,24.894374999999997,26.9,A,2,2
2,D,Y,CADD,29.2,24.894374999999997,26.9,A,2,2
3,L,*,CADD,36.5,20.378166666666665,20.095,A,3,3
3,L,F,CADD,16.189999999999998,20.378166666666665,20.095,A,3,3
3,L,I,CADD,24.0,20.378166666666665,20.095,A,3,3
3,L,L,CADD,8.369,20.378166666666665,20.095,A,3,3
3,L,S,CADD,25.8,20.378166666666665,20.095,A,3,3
3,L,V,CADD,11.41,20.378166666666665,20.095,A,3,3
4,S,A,CADD,22.3,21.02190476190476,24.2,A,4,4
7,R,P,CADD,20.4,19.48714285714286,21.1,A,7,7
7,R,S,CADD,22.8,19.48714285714286,21.1,A,7,7
13,N,Y,CADD,27.9,22.230875,24.075000000000003,A,13,13
12,Q,L,CADD,26.8,24.12225,25.475,A,12,12
11,V,E,CADD,24.5,23.89022222222222,26.200000000000003,A,11,11
11,V,G,CADD,26.1,23.89022222222222,26.200000000000003,A,11,11
11,V,I,CADD,27.8,23.89022222222222,26.200000000000003,A,11,11
11,V,L,CADD,28.299999999999997,23.89022222222222,26.200000000000003,A,11,11
11,V,V,CADD,10.341333333333333,23.89022222222222,26.200000000000003,A,11,11
12,Q,*,CADD,35.0,24.12225,25.475,A,12,12
12,Q,E,CADD,24.7,24.12225,25.475,A,12,12
12,Q,H,CADD,25.85,24.12225,25.475,A,12,12
12,Q,K,CADD,24.0,24.12225,25.475,A,12,12
12,Q,P,CADD,25.9,24.12225,25.475,A,12,12
8,V,A,CADD,25.0,19.639809523809525,25.0,A,8,8
12,Q,Q,CADD,5.627999999999999,24.12225,25.475,A,12,12
12,Q,R,CADD,25.1,24.12225,25.475,A,12,12
13,N,D,CADD,23.2,22.230875,24.075000000000003,A,13,13
13,N,H,CADD,25.4,22.230875,24.075000000000003,A,13,13
13,N,I,CADD,26.8,22.230875,24.075000000000003,A,13,13
13,N,K,CADD,23.35,22.230875,24.075000000000003,A,13,13
13,N,N,CADD,6.197,22.230875,24.075000000000003,A,13,13
13,N,S,CADD,20.2,22.230875,24.075000000000003,A,13,13
13,N,T,CADD,24.8,22.230875,24.075000000000003,A,13,13
11,V,A,CADD,26.3,23.89022222222222,26.200000000000003,A,11,11
10,E,V,CADD,28.8,25.864375000000003,27.049999999999997,A,10,10
10,E,Q,CADD,24.2,25.864375000000003,27.049999999999997,A,10,10
10,E,K,CADD,32.0,25.864375000000003,27.049999999999997,A,10,10
8,V,D,CADD,26.7,19.639809523809525,25.0,A,8,8
8,V,F,CADD,25.7,19.639809523809525,25.0,A,8,8
8,V,G,CADD,25.2,19.639809523809525,25.0,A,8,8
8,V,I,CADD,5.7589999999999995,19.639809523809525,25.0,A,8,8
8,V,L,CADD,22.4,19.639809523809525,25.0,A,8,8
8,V,V,CADD,6.719666666666666,19.639809523809525,25.0,A,8,8
9,E,*,CADD,34.0,23.039625,24.15,A,9,9
9,E,A,CADD,26.0,23.039625,24.15,A,9,9
9,E,D,CADD,24.0,23.039625,24.15,A,9,9
9,E,E,CADD,3.717,23.039625,24.15,A,9,9
9,E,G,CADD,23.8,23.039625,24.15,A,9,9
9,E,K,CADD,26.0,23.039625,24.15,A,9,9
9,E,Q,CADD,22.5,23.039625,24.15,A,9,9
9,E,V,CADD,24.3,23.039625,24.15,A,9,9
10,E,*,CADD,35.0,25.864375000000003,27.049999999999997,A,10,10
10,E,A,CADD,26.9,25.864375000000003,27.049999999999997,A,10,10
10,E,D,CADD,24.25,25.864375000000003,27.049999999999997,A,10,10
10,E,E,CADD,8.565,25.864375000000003,27.049999999999997,A,10,10
10,E,G,CADD,27.2,25.864375000000003,27.049999999999997,A,10,10
26,I,V,CADD,13.52,22.267857142857142,24.8,A,26,26
27,C,*,CADD,36.0,25.036250000000003,25.299999999999997,A,27,27
27,C,C,CADD,11.74,25.036250000000003,25.299999999999997,A,27,27
44,C,W,CADD,29.4,26.57125,26.25,A,44,44
43,F,S,CADD,29.4,23.54795238095238,24.2,A,43,43
43,F,V,CADD,24.2,23.54795238095238,24.2,A,43,43
43,F,Y,CADD,27.4,23.54795238095238,24.2,A,43,43
44,C,*,CADD,37.0,26.57125,26.25,A,44,44
44,C,C,CADD,17.17,26.57125,26.25,A,44,44
44,C,F,CADD,25.0,26.57125,26.25,A,44,44
44,C,G,CADD,25.8,26.57125,26.25,A,44,44
44,C,R,CADD,27.4,26.57125,26.25,A,44,44
44,C,S,CADD,26.7,26.57125,26.25,A,44,44
44,C,Y,CADD,24.1,26.57125,26.25,A,44,44
46,F,I,CADD,27.4,23.847619047619048,26.5,A,46,46
45,K,*,CADD,36.0,21.543125,23.275,A,45,45
45,K,E,CADD,23.7,21.543125,23.275,A,45,45
45,K,I,CADD,24.6,21.543125,23.275,A,45,45
45,K,K,CADD,16.62,21.543125,23.275,A,45,45
45,K,N,CADD,22.85,21.543125,23.275,A,45,45
45,K,Q,CADD,23.7,21.543125,23.275,A,45,45
45,K,R,CADD,3.675,21.543125,23.275,A,45,45
45,K,T,CADD,21.2,21.543125,23.275,A,45,45
46,F,C,CADD,26.1,23.847619047619048,26.5,A,46,46
43,F,L,CADD,24.166666666666668,23.54795238095238,24.2,A,43,43
43,F,I,CADD,24.1,23.54795238095238,24.2,A,43,43
43,F,F,CADD,8.269,23.54795238095238,24.2,A,43,43
43,F,C,CADD,27.3,23.54795238095238,24.2,A,43,43
40,D,H,CADD,29.3,27.098124999999996,29.05,A,40,40
40,D,N,CADD,33.0,27.098124999999996,29.05,A,40,40
40,D,V,CADD,29.7,27.098124999999996,29.05,A,40,40
40,D,Y,CADD,32.0,27.098124999999996,29.05,A,40,40
41,H,D,CADD,24.3,24.8725,26.625,A,41,41
41,H,H,CADD,10.13,24.8725,26.625,A,41,41
41,H,L,CADD,29.4,24.8725,26.625,A,41,41
41,H,N,CADD,28.4,24.8725,26.625,A,41,41
41,H,P,CADD,27.1,24.8725,26.625,A,41,41
41,H,Q,CADD,26.15,24.8725,26.625,A,41,41
41,H,R,CADD,25.4,24.8725,26.625,A,41,41
41,H,Y,CADD,28.1,24.8725,26.625,A,41,41
42,I,I,CADD,16.29,24.812857142857144,25.3,A,42,42
42,I,K,CADD,28.3,24.812857142857144,25.3,A,42,42
42,I,L,CADD,29.2,24.812857142857144,25.3,A,42,42
42,I,M,CADD,26.4,24.812857142857144,25.3,A,42,42
42,I,R,CADD,23.6,24.812857142857144,25.3,A,42,42
42,I,T,CADD,24.6,24.812857142857144,25.3,A,42,42
42,I,V,CADD,25.3,24.812857142857144,25.3,A,42,42
46,F,F,CADD,6.4,23.847619047619048,26.5,A,46,46
46,F,L,CADD,26.53333333333333,23.847619047619048,26.5,A,46,46
27,C,F,CADD,27.4,25.036250000000003,25.299999999999997,A,27,27
51,L,I,CADD,26.4,22.726333333333333,26.4,A,51,51
50,K,E,CADD,26.3,25.444499999999998,26.700000000000003,A,50,50
50,K,I,CADD,29.7,25.444499999999998,26.700000000000003,A,50,50
50,K,K,CADD,7.756,25.444499999999998,26.700000000000003,A,50,50
50,K,N,CADD,27.1,25.444499999999998,26.700000000000003,A,50,50
50,K,Q,CADD,26.2,25.444499999999998,26.700000000000003,A,50,50
50,K,R,CADD,23.2,25.444499999999998,26.700000000000003,A,50,50
50,K,T,CADD,27.3,25.444499999999998,26.700000000000003,A,50,50
51,L,F,CADD,24.4,22.726333333333333,26.4,A,51,51
51,L,H,CADD,27.3,22.726333333333333,26.4,A,51,51
51,L,L,CADD,1.0843333333333331,22.726333333333333,26.4,A,51,51
46,F,S,CADD,27.7,23.847619047619048,26.5,A,46,46
51,L,P,CADD,27.9,22.726333333333333,26.4,A,51,51
51,L,R,CADD,27.2,22.726333333333333,26.4,A,51,51
51,L,V,CADD,24.8,22.726333333333333,26.4,A,51,51
52,L,F,CADD,28.3,23.992047619047618,26.5,A,52,52
52,L,H,CADD,26.5,23.992047619047618,26.5,A,52,52
52,L,I,CADD,25.1,23.992047619047618,26.5,A,52,52
52,L,L,CADD,7.444333333333333,23.992047619047618,26.5,A,52,52
52,L,P,CADD,27.3,23.992047619047618,26.5,A,52,52
52,L,R,CADD,26.8,23.992047619047618,26.5,A,52,52
50,K,*,CADD,36.0,25.444499999999998,26.700000000000003,A,50,50
49,L,V,CADD,24.5,23.487916666666667,25.4,A,49,49
49,L,R,CADD,26.6,23.487916666666667,25.4,A,49,49
49,L,Q,CADD,26.3,23.487916666666667,25.4,A,49,49
46,F,V,CADD,26.5,23.847619047619048,26.5,A,46,46
46,F,Y,CADD,26.3,23.847619047619048,26.5,A,46,46
47,C,*,CADD,35.0,23.962125,24.85,A,47,47
47,C,C,CADD,9.347000000000001,23.962125,24.85,A,47,47
47,C,F,CADD,24.1,23.962125,24.85,A,47,47
47,C,G,CADD,22.8,23.962125,24.85,A,47,47
47,C,R,CADD,25.7,23.962125,24.85,A,47,47
47,C,S,CADD,22.75,23.962125,24.85,A,47,47
47,C,W,CADD,25.6,23.962125,24.85,A,47,47
47,C,Y,CADD,26.4,23.962125,24.85,A,47,47
48,M,I,CADD,24.133333333333336,23.688888888888886,23.766666666666666,A,48,48
48,M,K,CADD,25.9,23.688888888888886,23.766666666666666,A,48,48
48,M,L,CADD,23.4,23.688888888888886,23.766666666666666,A,48,48
48,M,R,CADD,25.6,23.688888888888886,23.766666666666666,A,48,48
48,M,T,CADD,22.9,23.688888888888886,23.766666666666666,A,48,48
48,M,V,CADD,20.2,23.688888888888886,23.766666666666666,A,48,48
49,L,L,CADD,11.8275,23.487916666666667,25.4,A,49,49
49,L,M,CADD,24.5,23.487916666666667,25.4,A,49,49
49,L,P,CADD,27.2,23.487916666666667,25.4,A,49,49
40,D,G,CADD,28.5,27.098124999999996,29.05,A,40,40
40,D,E,CADD,26.25,27.098124999999996,29.05,A,40,40
40,D,D,CADD,9.235,27.098124999999996,29.05,A,40,40
31,I,T,CADD,27.8,25.220625000000002,26.75,A,31,31
30,L,S,CADD,28.7,25.512142857142855,25.65,A,30,30
30,L,V,CADD,22.6,25.512142857142855,25.65,A,30,30
30,L,W,CADD,27.2,25.512142857142855,25.65,A,30,30
31,I,F,CADD,28.3,25.220625000000002,26.75,A,31,31
31,I,I,CADD,13.365,25.220625000000002,26.75,A,31,31
31,I,L,CADD,24.0,25.220625000000002,26.75,A,31,31
31,I,M,CADD,25.7,25.220625000000002,26.75,A,31,31
31,I,N,CADD,30.0,25.220625000000002,26.75,A,31,31
31,I,S,CADD,29.6,25.220625000000002,26.75,A,31,31
31,I,V,CADD,23.0,25.220625000000002,26.75,A,31,31
40,D,A,CADD,28.8,27.098124999999996,29.05,A,40,40
32,K,*,CADD,37.0,26.54125,27.55,A,32,32
32,K,E,CADD,28.3,26.54125,27.55,A,32,32
32,K,K,CADD,15.38,26.54125,27.55,A,32,32
32,K,M,CADD,28.1,26.54125,27.55,A,32,32
32,K,N,CADD,28.35,26.54125,27.55,A,32,32
32,K,Q,CADD,24.8,26.54125,27.55,A,32,32
32,K,R,CADD,23.4,26.54125,27.55,A,32,32
32,K,T,CADD,27.0,26.54125,27.55,A,32,32
33,E,*,CADD,38.0,27.482125,29.3,A,33,33
30,L,M,CADD,24.9,25.512142857142855,25.65,A,30,30
30,L,L,CADD,11.535,25.512142857142855,25.65,A,30,30
30,L,F,CADD,25.65,25.512142857142855,25.65,A,30,30
30,L,*,CADD,38.0,25.512142857142855,25.65,A,30,30
27,C,G,CADD,24.1,25.036250000000003,25.299999999999997,A,27,27
27,C,R,CADD,25.2,25.036250000000003,25.299999999999997,A,27,27
27,C,S,CADD,24.65,25.036250000000003,25.299999999999997,A,27,27
27,C,W,CADD,25.4,25.036250000000003,25.299999999999997,A,27,27
27,C,Y,CADD,25.8,25.036250000000003,25.299999999999997,A,27,27
28,L,L,CADD,14.57,24.645,26.299999999999997,A,28,28
28,L,M,CADD,25.2,24.645,26.299999999999997,A,28,28
28,L,P,CADD,28.3,24.645,26.299999999999997,A,28,28
28,L,Q,CADD,27.4,24.645,26.299999999999997,A,28,28
28,L,R,CADD,27.7,24.645,26.299999999999997,A,28,28
28,L,V,CADD,24.7,24.645,26.299999999999997,A,28,28
29,E,*,CADD,38.0,28.59125,28.549999999999997,A,29,29
29,E,A,CADD,28.1,28.59125,28.549999999999997,A,29,29
29,E,D,CADD,24.3,28.59125,28.549999999999997,A,29,29
29,E,E,CADD,15.23,28.59125,28.549999999999997,A,29,29
29,E,G,CADD,28.9,28.59125,28.549999999999997,A,29,29
29,E,K,CADD,34.0,28.59125,28.549999999999997,A,29,29
29,E,Q,CADD,28.2,28.59125,28.549999999999997,A,29,29
29,E,V,CADD,32.0,28.59125,28.549999999999997,A,29,29
33,E,A,CADD,29.3,27.482125,29.3,A,33,33
33,E,D,CADD,26.75,27.482125,29.3,A,33,33
33,E,E,CADD,5.907,27.482125,29.3,A,33,33
37,T,K,CADD,31.0,25.030142857142856,27.5,A,37,37
37,T,R,CADD,27.7,25.030142857142856,27.5,A,37,37
37,T,S,CADD,26.0,25.030142857142856,27.5,A,37,37
37,T,T,CADD,8.610999999999999,25.030142857142856,27.5,A,37,37
38,K,*,CADD,36.0,24.462500000000002,24.3,A,38,38
38,K,E,CADD,26.5,24.462500000000002,24.3,A,38,38
38,K,K,CADD,15.75,24.462500000000002,24.3,A,38,38
38,K,M,CADD,27.1,24.462500000000002,24.3,A,38,38
38,K,N,CADD,24.3,24.462500000000002,24.3,A,38,38
38,K,Q,CADD,24.3,24.462500000000002,24.3,A,38,38
38,K,R,CADD,22.7,24.462500000000002,24.3,A,38,38
38,K,T,CADD,19.05,24.462500000000002,24.3,A,38,38
39,C,*,CADD,37.0,26.89225,27.0,A,39,39
39,C,C,CADD,6.037999999999999,26.89225,27.0,A,39,39
39,C,F,CADD,34.0,26.89225,27.0,A,39,39
39,C,G,CADD,25.3,26.89225,27.0,A,39,39
39,C,R,CADD,26.8,26.89225,27.0,A,39,39
39,C,S,CADD,27.0,26.89225,27.0,A,39,39
39,C,W,CADD,27.0,26.89225,27.0,A,39,39
39,C,Y,CADD,32.0,26.89225,27.0,A,39,39
37,T,P,CADD,27.5,25.030142857142856,27.5,A,37,37
37,T,I,CADD,28.3,25.030142857142856,27.5,A,37,37
33,E,G,CADD,29.9,27.482125,29.3,A,33,33
37,T,A,CADD,26.1,25.030142857142856,27.5,A,37,37
33,E,K,CADD,27.7,27.482125,29.3,A,33,33
33,E,Q,CADD,29.3,27.482125,29.3,A,33,33
33,E,V,CADD,33.0,27.482125,29.3,A,33,33
34,P,A,CADD,26.8,25.136428571428574,27.9,A,34,34
34,P,H,CADD,27.9,25.136428571428574,27.9,A,34,34
34,P,L,CADD,31.0,25.136428571428574,27.9,A,34,34
34,P,P,CADD,3.655,25.136428571428574,27.9,A,34,34
34,P,R,CADD,27.1,25.136428571428574,27.9,A,34,34
34,P,S,CADD,31.0,25.136428571428574,27.9,A,34,34
34,P,T,CADD,28.5,25.136428571428574,27.9,A,34,34
35,V,A,CADD,26.8,25.473333333333333,27.0,A,35,35
35,V,D,CADD,29.1,25.473333333333333,27.0,A,35,35
35,V,F,CADD,32.0,25.473333333333333,27.0,A,35,35
35,V,G,CADD,27.0,25.473333333333333,27.0,A,35,35
35,V,I,CADD,23.4,25.473333333333333,27.0,A,35,35
35,V,L,CADD,28.5,25.473333333333333,27.0,A,35,35
35,V,V,CADD,11.513333333333334,25.473333333333333,27.0,A,35,35
36,S,A,CADD,26.3,26.75,26.75,A,36,36
36,S,T,CADD,27.2,26.75,26.75,A,36,36
1,M,K,CADD,26.8,25.85833333333333,25.975,A,1,1
